NRBUDKI;KOLONIA;GATUNEK;LJAJ[k];DATA1ZNIE;DATAZNIE;NRJAJA;KOLZNIE;CIEZAR_ZNIE;DLUGOSC;SREDNICA;LOSJAJA
1/92;DAB;Cyanistes;8;06.05.1994;06.05.1994;1;1;2.06;17.66;14.02;WYKL
2/92;DAB;Cyanistes;8;06.05.1994;07.05.1994;2;2;1.82;17.49;13.6;WYKL
3/88;DAB;Cyanistes;8;06.05.1994;08.05.1994;3;3;1.73;18.39;14.1;WYKL
4/93;DAB;Cyanistes;8;06.05.1994;09.05.1994;4;4;2.03;20;13.23;WYKL
5/82;DAB;Cyanistes;8;06.05.1994;10.05.1994;5;5;2.16;18.74;13.3;niewykl
6/93;DAB;Cyanistes;8;06.05.1994;11.05.1994;6;6;2.24;18.25;13.58;WYKL
7/93;DAB;Cyanistes;8;06.05.1994;12.05.1994;7;7;2.13;18.4;13.86;WYKL
8/88;DAB;Cyanistes;8;06.05.1994;13.05.1994;8;8;1.94;19.44;13.27;WYKL
9/83;DAB;Muscicapa;5;12.05.1994;12.05.1994;1;1;2.24;22.57;14.73;niewykl
10/88;DAB;Muscicapa;5;12.05.1994;13.05.1994;2;2;1.95;20.1;16.18;niewykl
11/88;DAB;Muscicapa;5;12.05.1994;14.05.1994;3;3;2.08;21;14.26;niewykl
12/92;DAB;Muscicapa;5;12.05.1994;15.05.1994;4;4;3.05;20.86;15.17;niewykl
13/92;DAB;Muscicapa;5;12.05.1994;16.05.1994;5;5;2.67;21.84;13.97;niewykl
14/83;DZP;Muscicapa;3;06.05.1994;06.05.1994;1;1;2.56;24.83;15.11;niewykl
14/83;DZP;Muscicapa;3;06.05.1994;07.05.1994;2;2;2.13;23.28;15.28;niewykl
14/83;DZP;Muscicapa;3;06.05.1994;08.05.1994;3;3;3.01;24.05;14.37;niewykl
15/93;DZL;PD;4;03.05.1994;03.05.1994;1;1;2.15;19.73;15.38;WYKL
15/93;DZL;PD;4;03.05.1994;04.05.1994;2;2;1.93;24.83;15.15;WYKL
15/93;DZL;PD;4;03.05.1994;05.05.1994;3;3;2.27;23.78;15.2;WYKL
15/93;DZL;PD;4;03.05.1994;06.05.1994;4;4;2.72;20.4;14.23;WYKL
16/93;DAB;PM;5;26.04.1994;26.04.1994;1;1;2.11;18.66;13.87;WYKL
16/93;DAB;PM;5;26.04.1994;27.04.1994;2;2;2.1;19.64;13.52;WYKL
16/93;DAB;PM;5;26.04.1994;28.04.1994;3;3;2.24;18;14.44;WYKL
16/93;DAB;PM;5;26.04.1994;29.04.1994;4;4;2.52;21.22;13.82;WYKL
16/93;DAB;PM;5;26.04.1994;30.04.1994;5;5;2.25;18.62;14.05;WYKL
21/76;DZP;ParusMayor;6;26.04.1994;26.04.1994;1;1;1.81;19.6;14.8;WYKL
21/76;DZP;ParusMayor;6;26.04.1994;27.04.1994;2;2;2.32;20.64;14.96;WYKL
21/76;DZP;ParusMayor;6;26.04.1994;28.04.1994;3;3;2.43;19.49;14.76;WYKL
21/76;DZP;ParusMayor;6;26.04.1994;29.04.1994;4;4;2.27;20.83;15.34;WYKL
21/76;DZP;ParusMayor;6;26.04.1994;30.04.1994;5;5;2.59;20.74;15.37;WYKL
21/76;DZP;ParusMayor;6;26.04.1994;01.05.1994;6;6;2.56;20.27;15.22;WYKL
24/83;SZP;PM;5;25.04.1994;25.04.1994;1;1;2.13;17.99;13.98;niewykl
24/83;SZP;PM;5;25.04.1994;26.04.1994;2;2;2;20.4;13.78;WYKL
24/83;SZP;PM;5;25.04.1994;27.04.1994;3;3;1.85;17.69;13.88;WYKL
24/83;SZP;PM;5;25.04.1994;28.04.1994;4;4;2.01;18.8;14.61;WYKL
24/83;SZP;PM;5;25.04.1994;29.04.1994;5;5;2.04;18.47;14.73;niewykl
27/88;SZP;Cyanistes;6;02.05.1994;02.05.1994;1;01.02.2003;2.24;19.03;13.47;WYKL
27/88;SZP;Cyanistes;6;02.05.1994;03.05.1994;2;01.02.2003;2.55;18.19;13.58;WYKL
27/88;SZP;Cyanistes;6;02.05.1994;04.05.1994;3;01.02.2003;2.16;17.84;13.83;niewykl
27/88;SZP;Cyanistes;6;02.05.1994;05.05.1994;4;4;2.25;17.42;13.66;WYKL
27/88;SZP;Cyanistes;6;02.05.1994;06.05.1994;5;5;2.29;16.73;13.6;WYKL
27/88;SZP;Cyanistes;6;02.05.1994;07.05.1994;6;6;2.62;18.41;13.05;WYKL
32/93;DZP;Ficedula;5;16.05.1994;16.05.1994;1;1;2.55;22.31;16.45;WYKL
32/93;DZP;Ficedula;5;16.05.1994;17.05.1994;2;2;2.33;23.51;16.42;WYKL
32/93;DZP;Ficedula;5;16.05.1994;18.05.1994;3;3;2.12;23.79;16.54;WYKL
32/93;DZP;Ficedula;5;16.05.1994;19.05.1994;4;4;2.65;24.15;14.77;WYKL
32/93;DZP;Ficedula;5;16.05.1994;20.05.1994;5;5;2.59;23.51;15.06;WYKL
35/83;DAB;PM;6;01.05.1994;01.05.1994;1;01.lut;2.57;18.33;13.89;niewykl
35/83;DAB;PM;6;01.05.1994;02.05.1994;2;01.lut;2.21;19.29;13.93;WYKL
35/83;DAB;PM;6;01.05.1994;03.05.1994;3;3;2.56;19.56;14.72;WYKL
35/83;DAB;PM;6;01.05.1994;04.05.1994;4;4;2.38;18.68;13.48;WYKL
35/83;DAB;PM;6;01.05.1994;05.05.1994;5;5;2.19;18.6;13.89;WYKL
35/83;DAB;PM;6;01.05.1994;06.05.1994;6;6;1.92;19.66;13.46;WYKL
37/82;DAB;PD;5;28.04.1994;28.04.1994;1;1;2.14;23.1;16.13;WYKL
37/82;DAB;PD;5;28.04.1994;29.04.1994;2;2;2.55;21.86;15.97;WYKL
37/82;DAB;PD;5;28.04.1994;30.04.1994;3;3;2.2;21.97;15.02;niewykl
37/82;DAB;PD;5;28.04.1994;01.05.1994;4;4;1.94;21.84;15.73;WYKL
37/82;DAB;PD;5;28.04.1994;02.05.1994;5;5;1.77;21.23;14.69;WYKL
39/88;DZL;ParusMayor;6;05.05.1994;05.05.1994;1;1;2.23;20.03;14.87;niewykl
39/88;DZL;ParusMayor;6;05.05.1994;06.05.1994;2;2;2.59;19.64;14.46;niewykl
39/88;DZL;ParusMayor;6;05.05.1994;07.05.1994;3;3;2.08;21.53;15.83;WYKL
39/88;DZL;ParusMayor;6;05.05.1994;08.05.1994;4;4;2.14;19.92;14.94;WYKL
39/88;DZL;ParusMayor;6;05.05.1994;09.05.1994;5;5;2.23;20.65;15.05;WYKL
39/88;DZL;ParusMayor;6;05.05.1994;10.05.1994;6;6;2.62;20.13;15.2;WYKL
46/83;DAB;Cyanistes;5;08.05.1994;08.05.1994;1;1;2.2;17.74;13.65;WYKL
46/83;DAB;Cyanistes;5;08.05.1994;09.05.1994;2;2;2.13;17.9;13.51;niewykl
46/83;DAB;Cyanistes;5;08.05.1994;10.05.1994;3;3;2.21;17.3;13.68;WYKL
46/83;DAB;Cyanistes;5;08.05.1994;11.05.1994;4;4;2.13;17.99;13.57;WYKL
46/83;DAB;Cyanistes;5;08.05.1994;12.05.1994;5;5;2.23;17.85;13.08;WYKL
47/92;SZP;Ficedula;5;12.05.1994;12.05.1994;1;1;2.57;22.84;16;niewykl
47/92;SZP;Ficedula;5;12.05.1994;13.05.1994;2;2;2.92;21.88;14.43;WYKL
47/92;SZP;Ficedula;5;12.05.1994;14.05.1994;3;3;2.83;21.31;14.68;WYKL
47/92;SZP;Ficedula;5;12.05.1994;15.05.1994;4;4;2.58;22.03;13.45;WYKL
47/92;SZP;Ficedula;5;12.05.1994;16.05.1994;5;5;2.32;22.6;16.03;niewykl
49/93;DZP;PM;5;27.04.1994;27.04.1994;1;1;2.17;19.13;14.05;WYKL
49/93;DZP;PM;5;27.04.1994;28.04.1994;2;2;2.43;19.23;13.77;WYKL
49/93;DZP;PM;5;27.04.1994;29.04.1994;3;3;1.99;18.41;14.38;WYKL
49/93;DZP;PM;5;27.04.1994;30.04.1994;4;4;1.97;18.35;13.73;niewykl
49/93;DZP;PM;5;27.04.1994;01.05.1994;5;5;2.05;20.02;14.22;niewykl
56/82;DZP;ParusMayor;6;07.05.1994;07.05.1994;1;1;2.33;21.59;15.25;WYKL
56/82;DZP;ParusMayor;6;07.05.1994;08.05.1994;2;2;2.47;21.1;14.67;niewykl
56/82;DZP;ParusMayor;6;07.05.1994;09.05.1994;3;3;2.02;19.81;14.81;WYKL
56/82;DZP;ParusMayor;6;07.05.1994;10.05.1994;4;4;1.93;18.96;14.52;WYKL
56/82;DZP;ParusMayor;6;07.05.1994;11.05.1994;5;5;2.25;21.05;13.96;WYKL
56/82;DZP;ParusMayor;6;07.05.1994;12.05.1994;6;6;2.63;21.34;14.63;niewykl
61/93;LOM;Ficedula;4;11.05.1994;11.05.1994;1;1;2.3;22.65;14.98;WYKL
61/93;LOM;Ficedula;4;11.05.1994;12.05.1994;2;2;2.62;21.46;15.5;WYKL
61/93;LOM;Ficedula;4;11.05.1994;13.05.1994;3;3;2.74;23.09;15.07;WYKL
61/93;LOM;Ficedula;4;11.05.1994;14.05.1994;4;4;2.2;23.12;14.65;WYKL
66/83;DZP;Muscicapa;4;10.04.1994;10.04.1994;1;1;2.54;23.54;15.72;WYKL
66/83;DZP;Muscicapa;4;10.04.1994;11.04.1994;2;2;2.02;20.68;14.34;WYKL
66/83;DZP;Muscicapa;4;10.04.1994;12.04.1994;3;3;2.62;24.3;15.95;WYKL
66/83;DZP;Muscicapa;4;10.04.1994;13.04.1994;4;4;2.76;21.33;14.96;WYKL
83/88;DAB;Cyanistes;9;06.05.1994;06.05.1994;1;1;2.06;18.15;13.99;WYKL
83/88;DAB;Cyanistes;9;06.05.1994;07.05.1994;2;2;2.51;18.57;13.97;WYKL
83/88;DAB;Cyanistes;9;06.05.1994;08.05.1994;3;3;2.12;18.25;13.31;WYKL
83/88;DAB;Cyanistes;9;06.05.1994;09.05.1994;4;4;2.1;17.88;13.96;WYKL
83/88;DAB;Cyanistes;9;06.05.1994;10.05.1994;5;5;1.89;18.63;13.23;WYKL
83/88;DAB;Cyanistes;9;06.05.1994;11.05.1994;6;6;1.98;18.43;13.52;WYKL
83/88;DAB;Cyanistes;9;06.05.1994;12.05.1994;7;7;2.17;17.5;13.49;WYKL
83/88;DAB;Cyanistes;9;06.05.1994;13.05.1994;8;8;1.78;18.5;13.68;WYKL
83/88;DAB;Cyanistes;9;06.05.1994;14.05.1994;9;9;1.67;17.15;13.65;WYKL
86/92;DAB;Ficedula;5;13.05.1994;13.05.1994;1;1;2.65;22.68;16.42;WYKL
86/92;DAB;Ficedula;5;13.05.1994;14.05.1994;2;2;2.99;24.66;16.2;WYKL
86/92;DAB;Ficedula;5;13.05.1994;15.05.1994;3;3;2.43;21.66;14.78;WYKL
86/92;DAB;Ficedula;5;13.05.1994;16.05.1994;4;4;2.75;23.42;14.83;WYKL
86/92;DAB;Ficedula;5;13.05.1994;17.05.1994;5;5;2.78;22.5;16.51;WYKL
95/93;DZL;Ficedula;5;13.05.1994;13.05.1994;1;1;2.7;23.37;14.68;WYKL
95/93;DZL;Ficedula;5;13.05.1994;14.05.1994;2;2;2.52;21.4;15.12;WYKL
95/93;DZL;Ficedula;5;13.05.1994;15.05.1994;3;3;2.34;23.92;14.67;WYKL
95/93;DZL;Ficedula;5;13.05.1994;16.05.1994;4;4;2.63;21.83;15.14;WYKL
95/93;DZL;Ficedula;5;13.05.1994;17.05.1994;5;5;2.27;22.3;15.27;WYKL
102/83;LOM;PD;5;25.04.1994;25.04.1994;1;1;2.43;21.87;14.59;WYKL
102/83;LOM;PD;5;25.04.1994;26.04.1994;2;2;2.89;22.33;15.23;WYKL
102/83;LOM;PD;5;25.04.1994;27.04.1994;3;3;2.25;23.5;15.72;WYKL
102/83;LOM;PD;5;25.04.1994;28.04.1994;4;4;2.04;22.31;15.27;WYKL
102/83;LOM;PD;5;25.04.1994;29.04.1994;5;5;2.51;22.75;15.27;WYKL
105/88;LOM;PM;5;23.04.1994;23.04.1994;1;1;2.28;19.97;14.32;WYKL
105/88;LOM;PM;5;23.04.1994;24.04.1994;2;2;2.08;17.61;14.12;WYKL
105/88;LOM;PM;5;23.04.1994;25.04.1994;3;3;2.31;19.58;13.67;WYKL
105/88;LOM;PM;5;23.04.1994;26.04.1994;4;4;2.34;21.5;14.34;niewykl
105/88;LOM;PM;5;23.04.1994;27.04.1994;5;5;2.28;20.11;14.77;WYKL
120/92;DZL;Cyanistes;9;01.05.1994;01.05.1994;1;01.lut;1.96;18.43;13.56;WYKL
120/92;DZL;Cyanistes;9;01.05.1994;02.05.1994;2;01.lut;2.14;18.89;13.83;WYKL
120/92;DZL;Cyanistes;9;01.05.1994;03.05.1994;3;3;1.77;17.35;13.62;WYKL
120/92;DZL;Cyanistes;9;01.05.1994;04.05.1994;4;4;2.01;17.59;13.29;WYKL
120/92;DZL;Cyanistes;9;01.05.1994;05.05.1994;5;5;2.23;18.46;13.8;WYKL
120/92;DZL;Cyanistes;9;01.05.1994;06.05.1994;6;6;2.32;18.45;13.06;WYKL
120/92;DZL;Cyanistes;9;01.05.1994;07.05.1994;7;7;2.43;16.29;13.34;WYKL
120/92;DZL;Cyanistes;9;01.05.1994;08.05.1994;8;8;2.26;19.46;13.65;WYKL
120/92;DZL;Cyanistes;9;01.05.1994;09.05.1994;9;9;2.35;17.56;13.84;WYKL
124/92;DZP;PM;7;25.04.1994;25.04.1994;1;1;2.14;19.29;14.36;niewykl
124/92;DZP;PM;7;25.04.1994;26.04.1994;2;2;1.83;19.07;13.85;niewykl
124/92;DZP;PM;7;25.04.1994;27.04.1994;3;3;2.05;19.34;13;niewykl
124/92;DZP;PM;7;25.04.1994;28.04.1994;4;4;2.21;18.58;14.13;niewykl
124/92;DZP;PM;7;25.04.1994;29.04.1994;5;5;1.92;18.85;13.88;niewykl
124/92;DZP;PM;7;25.04.1994;30.04.1994;6;6;2.37;17.7;13.64;niewykl
124/92;DZP;PM;7;25.04.1994;01.05.1994;7;7;2.34;19.73;13.98;niewykl
127/92;LOM;PD;5;22.04.1994;22.04.1994;1;1;2.18;20.71;15.54;WYKL
127/92;LOM;PD;5;22.04.1994;23.04.1994;2;2;2.18;20.39;16.2;WYKL
127/92;LOM;PD;5;22.04.1994;24.04.1994;3;3;2.22;22.27;14.57;WYKL
127/92;LOM;PD;5;22.04.1994;25.04.1994;4;4;2.07;23.62;14.9;niewykl
127/92;LOM;PD;5;22.04.1994;26.04.1994;5;5;2.78;22.55;15.79;WYKL
129/92;DZL;PD;5;30.04.1994;30.04.1994;1;1;2.15;22.45;14.86;WYKL
129/92;DZL;PD;5;30.04.1994;01.05.1994;2;2;2.2;22.71;14.63;WYKL
129/92;DZL;PD;5;30.04.1994;02.05.1994;3;3;2.64;21.24;15.27;WYKL
129/92;DZL;PD;5;30.04.1994;03.05.1994;4;4;2.23;20.39;14.93;WYKL
129/92;DZL;PD;5;30.04.1994;04.05.1994;5;5;2.57;21.11;14.92;niewykl
132/93;DZL;Cyanistes;10;06.05.1994;06.05.1994;1;1;2.22;17.37;13.15;WYKL
132/93;DZL;Cyanistes;10;06.05.1994;07.05.1994;2;2;2.5;17.25;13.49;WYKL
132/93;DZL;Cyanistes;10;06.05.1994;08.05.1994;3;3;2.25;16.99;13.6;WYKL
132/93;DZL;Cyanistes;10;06.05.1994;09.05.1994;4;4;1.95;18.5;13.47;WYKL
132/93;DZL;Cyanistes;10;06.05.1994;10.05.1994;5;5;2.14;17.31;13.54;WYKL
132/93;DZL;Cyanistes;10;06.05.1994;11.05.1994;6;6;2.26;19.54;13.18;WYKL
132/93;DZL;Cyanistes;10;06.05.1994;12.05.1994;7;7;2.41;18.8;13.53;WYKL
132/93;DZL;Cyanistes;10;06.05.1994;13.05.1994;8;8;1.87;19.9;13.93;WYKL
132/93;DZL;Cyanistes;10;06.05.1994;14.05.1994;9;9;2.16;17.39;13.2;WYKL
132/93;DZL;Cyanistes;10;06.05.1994;15.05.1994;10;10;2.4;18.01;13.15;niewykl
138/92;LOM;Muscicapa;5;16.05.1994;16.05.1994;1;1;2.71;23.39;15.19;WYKL
138/92;LOM;Muscicapa;5;16.05.1994;17.05.1994;2;2;2.68;23.36;16.34;WYKL
138/92;LOM;Muscicapa;5;16.05.1994;18.05.1994;3;3;2.81;22.49;15.57;niewykl
138/92;LOM;Muscicapa;5;16.05.1994;19.05.1994;4;4;2.73;21.44;16.5;WYKL
138/92;LOM;Muscicapa;5;16.05.1994;20.05.1994;5;5;2.39;21.53;15.2;WYKL
143/93;DAB;Muscicapa;5;09.04.1994;09.04.1994;1;1;2.73;22.14;17.23;WYKL
143/93;DAB;Muscicapa;5;09.04.1994;10.04.1994;2;2;2.87;22.52;15.28;WYKL
143/93;DAB;Muscicapa;5;09.04.1994;11.04.1994;3;3;2.38;23.04;15.33;WYKL
143/93;DAB;Muscicapa;5;09.04.1994;12.04.1994;4;4;2.54;24.41;15.88;WYKL
143/93;DAB;Muscicapa;5;09.04.1994;13.04.1994;5;5;2.31;21.94;16.55;WYKL
161/88;DAB;PM;6;30.04.1994;30.04.1994;1;1;1.99;17.65;14.83;WYKL
161/88;DAB;PM;6;30.04.1994;01.05.1994;2;2;2;19.08;13.86;niewykl
161/88;DAB;PM;6;30.04.1994;02.05.1994;3;3;2.25;19.73;13.5;WYKL
161/88;DAB;PM;6;30.04.1994;03.05.1994;4;4;2.36;18.55;13.9;niewykl
161/88;DAB;PM;6;30.04.1994;04.05.1994;5;5;2.23;18.91;14.34;WYKL
161/88;DAB;PM;6;30.04.1994;05.05.1994;6;6;2.13;19.79;14.01;niewykl
162/93;LOM;PM;5;28.04.1994;28.04.1994;1;1;1.97;19.61;13.95;WYKL
162/93;LOM;PM;5;28.04.1994;29.04.1994;2;2;1.99;18.46;14.38;niewykl
162/93;LOM;PM;5;28.04.1994;30.04.1994;3;3;2.62;19.58;13.93;WYKL
162/93;LOM;PM;5;28.04.1994;01.05.1994;4;4;2.21;19.88;14.5;WYKL
162/93;LOM;PM;5;28.04.1994;02.05.1994;5;5;2.25;20.13;14.05;WYKL
165/88;DZL;Ficedula;5;10.04.1994;10.04.1994;1;1;2.38;20.47;15.39;WYKL
165/88;DZL;Ficedula;5;10.04.1994;11.04.1994;2;2;2.36;24.57;17.01;WYKL
165/88;DZL;Ficedula;5;10.04.1994;12.04.1994;3;3;2.32;24.36;16.6;WYKL
165/88;DZL;Ficedula;5;10.04.1994;13.04.1994;4;4;2.46;25.43;16.82;WYKL
165/88;DZL;Ficedula;5;10.04.1994;14.04.1994;5;5;2.35;21.67;15.34;WYKL
168/93;SZP;ParusMayor;7;27.04.1994;27.04.1994;1;1;2.06;20.18;15.54;WYKL
168/93;SZP;ParusMayor;7;27.04.1994;28.04.1994;2;2;2.33;20.71;15.36;WYKL
168/93;SZP;ParusMayor;7;27.04.1994;29.04.1994;3;3;2.2;20.49;15.32;WYKL
168/93;SZP;ParusMayor;7;27.04.1994;30.04.1994;4;4;2.18;19.9;15.8;WYKL
168/93;SZP;ParusMayor;7;27.04.1994;01.05.1994;5;5;2.5;19.71;15.14;WYKL
168/93;SZP;ParusMayor;7;27.04.1994;02.05.1994;6;6;2.31;20.93;15.14;WYKL
168/93;SZP;ParusMayor;7;27.04.1994;03.05.1994;7;7;2.22;19.67;15.65;WYKL
177/93;SZP;PM;4;25.04.1994;25.04.1994;1;1;2.36;18.14;14.03;WYKL
177/93;SZP;PM;4;25.04.1994;26.04.1994;2;2;2.33;18.77;13.69;WYKL
177/93;SZP;PM;4;25.04.1994;27.04.1994;3;3;2.88;20.01;13.16;WYKL
177/93;SZP;PM;4;25.04.1994;28.04.1994;4;4;2.26;21.03;14.14;niewykl
181/92;DZP;PD;3;28.04.1994;28.04.1994;1;1;2.62;22.27;13.32;WYKL
181/92;DZP;PD;3;28.04.1994;29.04.1994;2;2;2.56;20.28;15.58;WYKL
181/92;DZP;PD;3;28.04.1994;30.04.1994;3;3;2.55;23.02;14.75;WYKL
194/88;DAB;Cyanistes;10;05.05.1994;05.05.1994;1;1;2.11;17.45;13.39;WYKL
194/88;DAB;Cyanistes;10;05.05.1994;06.05.1994;2;2;1.88;17.58;12.9;WYKL
194/88;DAB;Cyanistes;10;05.05.1994;07.05.1994;3;3;1.93;18.4;13.52;WYKL
194/88;DAB;Cyanistes;10;05.05.1994;08.05.1994;4;4;2.4;18.13;13.05;WYKL
194/88;DAB;Cyanistes;10;05.05.1994;09.05.1994;5;5;2.19;17.96;13.7;niewykl
194/88;DAB;Cyanistes;10;05.05.1994;10.05.1994;6;6;2.07;19.26;13.16;WYKL
194/88;DAB;Cyanistes;10;05.05.1994;11.05.1994;7;7;2.27;19.89;14.26;WYKL
194/88;DAB;Cyanistes;10;05.05.1994;12.05.1994;8;8;2.12;17.71;13.3;WYKL
194/88;DAB;Cyanistes;10;05.05.1994;13.05.1994;9;9;2.09;17.91;13.63;WYKL
194/88;DAB;Cyanistes;10;05.05.1994;14.05.1994;10;10;2.01;17.9;13.76;WYKL
203/83;DZL;Ficedula;5;12.05.1994;12.05.1994;1;1;2.7;21.45;14.95;WYKL
203/83;DZL;Ficedula;5;12.05.1994;13.05.1994;2;2;2.92;23.15;15.93;WYKL
203/83;DZL;Ficedula;5;12.05.1994;14.05.1994;3;3;2.33;21.87;16.53;WYKL
203/83;DZL;Ficedula;5;12.05.1994;15.05.1994;4;4;2.6;23.78;15.62;WYKL
203/83;DZL;Ficedula;5;12.05.1994;16.05.1994;5;5;2.06;19.97;16.07;WYKL
206/93;DZL;ParusMayor;5;28.04.1994;28.04.1994;1;1;2.22;20.72;16.3;WYKL
206/93;DZL;ParusMayor;5;28.04.1994;29.04.1994;2;2;2.51;20.87;14.73;WYKL
206/93;DZL;ParusMayor;5;28.04.1994;30.04.1994;3;3;1.67;19.45;14.8;WYKL
206/93;DZL;ParusMayor;5;28.04.1994;01.05.1994;4;4;2.19;20.47;15.17;WYKL
206/93;DZL;ParusMayor;5;28.04.1994;02.05.1994;5;5;2.1;18.64;15.44;WYKL
207/93;DZL;PD;5;23.04.1994;23.04.1994;1;1;2.75;21.26;14.3;WYKL
207/93;DZL;PD;5;23.04.1994;24.04.1994;2;2;2.38;24.07;15.53;WYKL
207/93;DZL;PD;5;23.04.1994;25.04.1994;3;3;2.3;23.2;15.34;WYKL
207/93;DZL;PD;5;23.04.1994;26.04.1994;4;4;2.5;23.36;14.67;WYKL
207/93;DZL;PD;5;23.04.1994;27.04.1994;5;5;2.73;21.21;15.52;WYKL
208/88;DZP;ParusMayor;5;09.05.1994;09.05.1994;1;1;2.29;20.56;15.09;WYKL
208/88;DZP;ParusMayor;5;09.05.1994;10.05.1994;2;2;2.12;19.04;14.56;WYKL
208/88;DZP;ParusMayor;5;09.05.1994;11.05.1994;3;3;2.11;21.54;15.51;WYKL
208/88;DZP;ParusMayor;5;09.05.1994;12.05.1994;4;4;2.25;20.59;14.98;WYKL
208/88;DZP;ParusMayor;5;09.05.1994;13.05.1994;5;5;2.67;22.19;14.99;WYKL
209/93;DZP;PD;4;03.05.1994;03.05.1994;1;1;2.51;22.49;15.87;WYKL
209/93;DZP;PD;4;03.05.1994;04.05.1994;2;2;2.24;22.57;15.09;WYKL
209/93;DZP;PD;4;03.05.1994;05.05.1994;3;3;2.2;21.05;15.28;WYKL
209/93;DZP;PD;4;03.05.1994;06.05.1994;4;4;2.27;21.48;14.86;niewykl
214/93;DAB;Cyanistes;9;05.05.1994;05.05.1994;1;1;2.15;18.4;13.53;niewykl
214/93;DAB;Cyanistes;9;05.05.1994;06.05.1994;2;2;2.27;18.18;13.66;WYKL
214/93;DAB;Cyanistes;9;05.05.1994;07.05.1994;3;3;1.85;18.06;13.57;WYKL
214/93;DAB;Cyanistes;9;05.05.1994;08.05.1994;4;4;2.1;17.79;13.7;WYKL
214/93;DAB;Cyanistes;9;05.05.1994;09.05.1994;5;5;2.18;17.03;13.16;WYKL
214/93;DAB;Cyanistes;9;05.05.1994;10.05.1994;6;6;2.12;18.61;13.76;WYKL
214/93;DAB;Cyanistes;9;05.05.1994;11.05.1994;7;7;2.35;17.19;13.36;WYKL
214/93;DAB;Cyanistes;9;05.05.1994;12.05.1994;8;8;2.37;18.81;13.61;WYKL
214/93;DAB;Cyanistes;9;05.05.1994;13.05.1994;9;9;2.2;17.55;13.66;WYKL
219/82;LOM;PM;5;26.04.1994;26.04.1994;1;1;2.59;19.28;13.82;WYKL
219/82;LOM;PM;5;26.04.1994;27.04.1994;2;2;2.18;20.19;14.74;WYKL
219/82;LOM;PM;5;26.04.1994;28.04.1994;3;3;2.28;19.12;13.72;niewykl
219/82;LOM;PM;5;26.04.1994;29.04.1994;4;4;2.16;16.78;13.95;WYKL
219/82;LOM;PM;5;26.04.1994;30.04.1994;5;5;2.2;18.24;13.45;WYKL
233/83;DZL;PM;5;27.04.1994;27.04.1994;1;1;2.43;18.33;14.51;WYKL
233/83;DZL;PM;5;27.04.1994;28.04.1994;2;2;2.16;19.48;14.12;WYKL
233/83;DZL;PM;5;27.04.1994;29.04.1994;3;3;2.31;19.21;14.06;WYKL
233/83;DZL;PM;5;27.04.1994;30.04.1994;4;4;1.99;20.12;14.15;WYKL
233/83;DZL;PM;5;27.04.1994;01.05.1994;5;5;2.04;18.05;14.05;WYKL
234/93;DZP;PM;5;25.04.1994;25.04.1994;1;1;2.22;19.16;14.08;WYKL
234/93;DZP;PM;5;25.04.1994;26.04.1994;2;2;1.92;20.01;13.75;niewykl
234/93;DZP;PM;5;25.04.1994;27.04.1994;3;3;2.1;20.31;14.69;WYKL
234/93;DZP;PM;5;25.04.1994;28.04.1994;4;4;2.3;18;14.46;WYKL
234/93;DZP;PM;5;25.04.1994;29.04.1994;5;5;2.21;18.97;13.24;WYKL
240/83;DZP;ParusMayor;5;30.04.1994;30.04.1994;1;1;2.61;19.52;15.14;WYKL
240/83;DZP;ParusMayor;5;30.04.1994;01.05.1994;2;2;2.47;20.89;15.51;WYKL
240/83;DZP;ParusMayor;5;30.04.1994;02.05.1994;3;3;2.03;20.16;14.72;WYKL
240/83;DZP;ParusMayor;5;30.04.1994;03.05.1994;4;4;1.91;20.27;15.5;WYKL
240/83;DZP;ParusMayor;5;30.04.1994;04.05.1994;5;5;2.09;19.16;15.67;WYKL
242/92;DAB;PD;4;26.04.1994;26.04.1994;1;1;2.66;23.37;14.52;WYKL
242/92;DAB;PD;4;26.04.1994;27.04.1994;2;2;1.95;23.72;15.71;WYKL
242/92;DAB;PD;4;26.04.1994;28.04.1994;3;3;1.9;22.08;15.7;WYKL
242/92;DAB;PD;4;26.04.1994;29.04.1994;4;4;2;21.66;14.48;WYKL
245/82;DAB;PD;5;25.04.1994;25.04.1994;1;1;2.22;24.45;14.57;WYKL
245/82;DAB;PD;5;25.04.1994;26.04.1994;2;2;2.22;22.79;14.67;WYKL
245/82;DAB;PD;5;25.04.1994;27.04.1994;3;3;2.3;23.6;15.44;WYKL
245/82;DAB;PD;5;25.04.1994;28.04.1994;4;4;2.16;23.21;14.87;WYKL
245/82;DAB;PD;5;25.04.1994;29.04.1994;5;5;2.57;22.22;14.42;WYKL
248/88;DZP;ParusMayor;6;06.05.1994;06.05.1994;1;1;2.47;20.65;15.84;WYKL
248/88;DZP;ParusMayor;6;06.05.1994;07.05.1994;2;2;2.01;21.25;15.21;WYKL
248/88;DZP;ParusMayor;6;06.05.1994;08.05.1994;3;3;2.39;21.57;15.74;WYKL
248/88;DZP;ParusMayor;6;06.05.1994;09.05.1994;4;4;2;20.16;15.08;WYKL
248/88;DZP;ParusMayor;6;06.05.1994;10.05.1994;5;5;2.44;20.64;15.68;WYKL
248/88;DZP;ParusMayor;6;06.05.1994;11.05.1994;6;6;2.49;18.66;15.7;WYKL
249/93;SZP;PM;5;01.05.1994;01.05.1994;1;01.lut;2.34;18.95;13.77;WYKL
249/93;SZP;PM;5;01.05.1994;02.05.1994;2;01.lut;2.27;19.39;14.19;WYKL
249/93;SZP;PM;5;01.05.1994;03.05.1994;3;3;2.09;17.89;15.3;WYKL
249/93;SZP;PM;5;01.05.1994;04.05.1994;4;4;1.85;19.12;14.48;WYKL
249/93;SZP;PM;5;01.05.1994;05.05.1994;5;5;1.79;19.56;13.96;WYKL
253/92;DAB;ParusMayor;7;01.05.1994;01.05.1994;1;01.lut;2.49;19.83;14.73;WYKL
253/92;DAB;ParusMayor;7;01.05.1994;02.05.1994;2;01.lut;1.83;19.09;15.14;WYKL
253/92;DAB;ParusMayor;7;01.05.1994;03.05.1994;3;3;2.41;20.38;15.23;WYKL
253/92;DAB;ParusMayor;7;01.05.1994;04.05.1994;4;4;2.26;20.24;15.3;WYKL
253/92;DAB;ParusMayor;7;01.05.1994;05.05.1994;5;5;1.91;20.52;15.62;WYKL
253/92;DAB;ParusMayor;7;01.05.1994;06.05.1994;6;6;2.54;20.27;15.51;WYKL
253/92;DAB;ParusMayor;7;01.05.1994;07.05.1994;7;7;2.01;21.03;14.5;WYKL
254/93;SZP;Cyanistes;7;05.05.1994;05.05.1994;1;1;2.14;18.45;14.06;niewykl
254/93;SZP;Cyanistes;7;05.05.1994;06.05.1994;2;2;2.18;19.58;13.63;niewykl
254/93;SZP;Cyanistes;7;05.05.1994;07.05.1994;3;3;2.18;17.73;13.56;niewykl
254/93;SZP;Cyanistes;7;05.05.1994;08.05.1994;4;4;2.2;18.51;13.77;niewykl
254/93;SZP;Cyanistes;7;05.05.1994;09.05.1994;5;5;2.17;18.84;13.17;niewykl
254/93;SZP;Cyanistes;7;05.05.1994;10.05.1994;6;6;2.15;18.29;13.64;niewykl
254/93;SZP;Cyanistes;7;05.05.1994;11.05.1994;7;7;2.18;18.01;13.37;niewykl
257/92;DZP;Ficedula;5;06.05.1994;06.05.1994;1;1;2.75;22.84;15.74;WYKL
257/92;DZP;Ficedula;5;06.05.1994;07.05.1994;2;2;2.75;22.53;15.04;WYKL
257/92;DZP;Ficedula;5;06.05.1994;08.05.1994;3;3;2.31;22.21;15.88;WYKL
257/92;DZP;Ficedula;5;06.05.1994;09.05.1994;4;4;2.29;22.31;15.38;WYKL
257/92;DZP;Ficedula;5;06.05.1994;10.05.1994;5;5;2.67;24.11;15.09;WYKL
265/93;LOM;PD;4;25.04.1994;25.04.1994;1;1;2.21;23.48;16.13;WYKL
265/93;LOM;PD;4;25.04.1994;26.04.1994;2;2;2.54;22.35;14.15;WYKL
265/93;LOM;PD;4;25.04.1994;27.04.1994;3;3;2.8;23.66;15.02;WYKL
265/93;LOM;PD;4;25.04.1994;28.04.1994;4;4;2.13;23.83;15.2;WYKL
269/92;SZP;PD;4;24.04.1994;24.04.1994;1;1;1.98;21.68;15.15;WYKL
269/92;SZP;PD;4;24.04.1994;25.04.1994;2;2;2.74;22.88;15.71;WYKL
269/92;SZP;PD;4;24.04.1994;26.04.1994;3;3;1.65;22.4;15.01;WYKL
269/92;SZP;PD;4;24.04.1994;27.04.1994;4;4;2.27;20.61;14.03;WYKL
271/82;SZP;Cyanistes;8;30.04.1994;30.04.1994;1;1;2.37;17.81;13.15;WYKL
271/82;SZP;Cyanistes;8;30.04.1994;01.05.1994;2;2;2.21;18.92;14;niewykl
271/82;SZP;Cyanistes;8;30.04.1994;02.05.1994;3;3;2.29;18.99;14.13;WYKL
271/82;SZP;Cyanistes;8;30.04.1994;03.05.1994;4;4;1.93;18.51;13.2;WYKL
271/82;SZP;Cyanistes;8;30.04.1994;04.05.1994;5;5;2.01;17.98;14;WYKL
271/82;SZP;Cyanistes;8;30.04.1994;05.05.1994;6;6;2.17;17.19;13.66;WYKL
271/82;SZP;Cyanistes;8;30.04.1994;06.05.1994;7;7;2.16;18.04;14.29;niewykl
271/82;SZP;Cyanistes;8;30.04.1994;07.05.1994;8;8;1.98;18.45;13.64;WYKL
273/93;LOM;ParusMayor;9;02.05.1994;02.05.1994;1;01.02.2003;1.58;20.12;16.22;WYKL
273/93;LOM;ParusMayor;9;02.05.1994;03.05.1994;2;01.02.2003;2.61;20.74;15.14;WYKL
273/93;LOM;ParusMayor;9;02.05.1994;04.05.1994;3;01.02.2003;2.35;20.61;15.42;WYKL
273/93;LOM;ParusMayor;9;02.05.1994;05.05.1994;4;4;2.17;19.78;15.03;WYKL
273/93;LOM;ParusMayor;9;02.05.1994;06.05.1994;5;5;2.07;20.97;15.83;WYKL
273/93;LOM;ParusMayor;9;02.05.1994;07.05.1994;6;6;1.91;20.34;14.77;WYKL
273/93;LOM;ParusMayor;9;02.05.1994;08.05.1994;7;7;2.09;20.64;15.8;WYKL
273/93;LOM;ParusMayor;9;02.05.1994;09.05.1994;8;8;2.01;21.41;16.12;WYKL
273/93;LOM;ParusMayor;9;02.05.1994;10.05.1994;9;9;2.49;20.73;15.06;WYKL
283/93;DAB;Cyanistes;8;08.05.1994;08.05.1994;1;1;2.13;17.56;13.43;WYKL
283/93;DAB;Cyanistes;8;08.05.1994;09.05.1994;2;2;1.97;18.31;13.41;WYKL
283/93;DAB;Cyanistes;8;08.05.1994;10.05.1994;3;3;2.15;16.46;13.28;niewykl
283/93;DAB;Cyanistes;8;08.05.1994;11.05.1994;4;4;2.52;18.45;13.58;WYKL
283/93;DAB;Cyanistes;8;08.05.1994;12.05.1994;5;5;1.94;17.16;13.49;WYKL
283/93;DAB;Cyanistes;8;08.05.1994;13.05.1994;6;6;2.1;18.63;13.3;WYKL
283/93;DAB;Cyanistes;8;08.05.1994;14.05.1994;7;7;2.05;19.3;13.52;WYKL
283/93;DAB;Cyanistes;8;08.05.1994;15.05.1994;8;8;2.27;16.77;12.86;WYKL
290/83;DAB;ParusMayor;6;04.05.1994;04.05.1994;1;1;2.17;19.71;15.13;WYKL
290/83;DAB;ParusMayor;6;04.05.1994;05.05.1994;2;2;2.26;20.16;15.2;WYKL
290/83;DAB;ParusMayor;6;04.05.1994;06.05.1994;3;3;1.73;20.07;15;WYKL
290/83;DAB;ParusMayor;6;04.05.1994;07.05.1994;4;4;2.07;20.91;15.26;WYKL
290/83;DAB;ParusMayor;6;04.05.1994;08.05.1994;5;5;2.37;19.21;15.41;niewykl
290/83;DAB;ParusMayor;6;04.05.1994;09.05.1994;6;6;1.76;20.64;15.75;WYKL
295/93;DZP;Ficedula;5;14.05.1994;14.05.1994;1;1;2.16;23.5;14.92;WYKL
295/93;DZP;Ficedula;5;14.05.1994;15.05.1994;2;2;2.62;23.51;15.74;WYKL
295/93;DZP;Ficedula;5;14.05.1994;16.05.1994;3;3;2.73;24.06;15.38;WYKL
295/93;DZP;Ficedula;5;14.05.1994;17.05.1994;4;4;2.51;22.56;15.47;WYKL
295/93;DZP;Ficedula;5;14.05.1994;18.05.1994;5;5;2.41;23.47;16.11;WYKL
296/76;SZP;ParusMayor;4;02.05.1994;02.05.1994;1;01.02.2003;2.25;19.24;15.59;niewykl
296/76;SZP;ParusMayor;4;02.05.1994;03.05.1994;2;01.02.2003;2.58;21.39;14.57;niewykl
296/76;SZP;ParusMayor;4;02.05.1994;04.05.1994;3;01.02.2003;2.44;20.34;14.69;WYKL
296/76;SZP;ParusMayor;4;02.05.1994;05.05.1994;4;4;2.11;18.93;15.4;WYKL
301/93;DZP;PM;7;29.04.1994;29.04.1994;1;1;1.95;19.45;14.53;WYKL
301/93;DZP;PM;7;29.04.1994;30.04.1994;2;2;2.43;19.8;14.39;WYKL
301/93;DZP;PM;7;29.04.1994;01.05.1994;3;3;1.88;20.18;13.96;niewykl
301/93;DZP;PM;7;29.04.1994;02.05.1994;4;4;2.17;21;14.28;WYKL
301/93;DZP;PM;7;29.04.1994;03.05.1994;5;5;2.36;20.18;13.94;WYKL
301/93;DZP;PM;7;29.04.1994;04.05.1994;6;6;2.2;20.04;14.34;WYKL
301/93;DZP;PM;7;29.04.1994;05.05.1994;7;7;1.63;18.65;14.08;WYKL
306/76;LOM;PD;5;28.04.1994;28.04.1994;1;1;2.73;22.07;15.87;WYKL
306/76;LOM;PD;5;28.04.1994;29.04.1994;2;2;2.46;21.62;15.19;WYKL
306/76;LOM;PD;5;28.04.1994;30.04.1994;3;3;2.3;22.18;14.8;WYKL
306/76;LOM;PD;5;28.04.1994;01.05.1994;4;4;1.8;19.38;15.77;niewykl
306/76;LOM;PD;5;28.04.1994;02.05.1994;5;5;2.62;22.56;14.53;WYKL
307/88;SZP;ParusMayor;6;03.05.1994;03.05.1994;1;1;1.94;18.47;15.5;WYKL
307/88;SZP;ParusMayor;6;03.05.1994;04.05.1994;2;2;2.36;20.14;15.11;WYKL
307/88;SZP;ParusMayor;6;03.05.1994;05.05.1994;3;3;2.04;19.9;14.71;WYKL
307/88;SZP;ParusMayor;6;03.05.1994;06.05.1994;4;4;2.3;20.55;15.41;WYKL
307/88;SZP;ParusMayor;6;03.05.1994;07.05.1994;5;5;2.29;20.6;15.25;WYKL
307/88;SZP;ParusMayor;6;03.05.1994;08.05.1994;6;6;2.09;20.26;15.34;WYKL
310/92;DZL;PM;5;03.05.1994;03.05.1994;1;1;2.5;19.78;13.92;WYKL
310/92;DZL;PM;5;03.05.1994;04.05.1994;2;2;2.12;18.79;14.12;WYKL
310/92;DZL;PM;5;03.05.1994;05.05.1994;3;3;2.08;19.9;13.79;WYKL
310/92;DZL;PM;5;03.05.1994;06.05.1994;4;4;2.18;16.68;13.75;WYKL
310/92;DZL;PM;5;03.05.1994;07.05.1994;5;5;2.09;19.15;14.24;WYKL
321/88;SZP;ParusMayor;6;02.05.1994;02.05.1994;1;01.02.2003;2.96;19.79;15.71;WYKL
321/88;SZP;ParusMayor;6;02.05.1994;03.05.1994;2;01.02.2003;2.04;19.91;14.94;niewykl
321/88;SZP;ParusMayor;6;02.05.1994;04.05.1994;3;01.02.2003;2.48;21.8;14.96;WYKL
321/88;SZP;ParusMayor;6;02.05.1994;05.05.1994;4;4;2.45;20.73;15.05;WYKL
321/88;SZP;ParusMayor;6;02.05.1994;06.05.1994;5;5;2.69;19.71;15.29;WYKL
321/88;SZP;ParusMayor;6;02.05.1994;07.05.1994;6;6;1.76;20.33;14.91;WYKL
322/82;DZP;ParusMayor;8;26.04.1994;26.04.1994;1;1;2.84;19.25;16.28;WYKL
322/82;DZP;ParusMayor;8;26.04.1994;27.04.1994;2;2;2.03;20.2;15.86;WYKL
322/82;DZP;ParusMayor;8;26.04.1994;28.04.1994;3;3;1.42;21.41;15.31;WYKL
322/82;DZP;ParusMayor;8;26.04.1994;29.04.1994;4;4;2.76;19.18;15.35;WYKL
322/82;DZP;ParusMayor;8;26.04.1994;30.04.1994;5;5;2.17;19.52;15.41;WYKL
322/82;DZP;ParusMayor;8;26.04.1994;01.05.1994;6;6;2.34;19.73;15.49;WYKL
322/82;DZP;ParusMayor;8;26.04.1994;02.05.1994;7;7;2.31;20.53;14.97;WYKL
322/82;DZP;ParusMayor;8;26.04.1994;03.05.1994;8;8;2.65;21.74;14.76;niewykl
324/83;SZP;PD;6;27.04.1994;27.04.1994;1;1;2.55;22.57;16.25;WYKL
324/83;SZP;PD;6;27.04.1994;28.04.1994;2;2;1.87;22.86;14.43;WYKL
324/83;SZP;PD;6;27.04.1994;29.04.1994;3;3;2.1;22.56;15.72;WYKL
324/83;SZP;PD;6;27.04.1994;30.04.1994;4;4;2.11;21.02;15.01;WYKL
324/83;SZP;PD;6;27.04.1994;01.05.1994;5;5;2.07;22.56;15.54;WYKL
324/83;SZP;PD;6;27.04.1994;02.05.1994;6;6;2.36;21.1;15.2;WYKL
325/82;LOM;PM;6;26.04.1994;26.04.1994;1;1;1.75;19.82;14.45;WYKL
325/82;LOM;PM;6;26.04.1994;27.04.1994;2;2;2.06;19.61;13.8;WYKL
325/82;LOM;PM;6;26.04.1994;28.04.1994;3;3;2.13;18.89;14.1;niewykl
325/82;LOM;PM;6;26.04.1994;29.04.1994;4;4;2.29;18.35;13.62;WYKL
325/82;LOM;PM;6;26.04.1994;30.04.1994;5;5;2.01;19.64;14.29;WYKL
325/82;LOM;PM;6;26.04.1994;01.05.1994;6;6;1.94;18.41;14.04;WYKL
329/83;SZP;PD;4;25.04.1994;25.04.1994;1;1;2.39;20.06;15.11;WYKL
329/83;SZP;PD;4;25.04.1994;26.04.1994;2;2;1.93;22.5;14.99;WYKL
329/83;SZP;PD;4;25.04.1994;27.04.1994;3;3;2.28;23.33;15.74;WYKL
329/83;SZP;PD;4;25.04.1994;28.04.1994;4;4;1.97;23.65;15.23;WYKL
335/93;SZP;Cyanistes;7;02.05.1994;02.05.1994;1;01.02.2003;2.01;18.56;13.3;WYKL
335/93;SZP;Cyanistes;7;02.05.1994;03.05.1994;2;01.02.2003;1.82;16.38;13.13;WYKL
335/93;SZP;Cyanistes;7;02.05.1994;04.05.1994;3;01.02.2003;2.14;17.65;13.31;WYKL
335/93;SZP;Cyanistes;7;02.05.1994;05.05.1994;4;4;2.14;17.56;13.31;niewykl
335/93;SZP;Cyanistes;7;02.05.1994;06.05.1994;5;5;2.16;18.2;13;WYKL
335/93;SZP;Cyanistes;7;02.05.1994;07.05.1994;6;6;2.24;17.93;13.59;WYKL
335/93;SZP;Cyanistes;7;02.05.1994;08.05.1994;7;7;2.13;17.12;13.09;WYKL
340/83;LOM;Cyanistes;8;02.05.1994;02.05.1994;1;01.02.2003;2.2;18.71;13.57;WYKL
340/83;LOM;Cyanistes;8;02.05.1994;03.05.1994;2;01.02.2003;2.16;18.2;13.55;WYKL
340/83;LOM;Cyanistes;8;02.05.1994;04.05.1994;3;01.02.2003;2.32;17.96;13.74;WYKL
340/83;LOM;Cyanistes;8;02.05.1994;05.05.1994;4;4;2.39;18.34;13.41;WYKL
340/83;LOM;Cyanistes;8;02.05.1994;06.05.1994;5;5;1.93;18.38;13.15;WYKL
340/83;LOM;Cyanistes;8;02.05.1994;07.05.1994;6;6;2.25;19.19;12.84;WYKL
340/83;LOM;Cyanistes;8;02.05.1994;08.05.1994;7;7;1.91;17.55;13.53;WYKL
340/83;LOM;Cyanistes;8;02.05.1994;09.05.1994;8;8;2.16;19.03;12.81;WYKL
342/93;DAB;PM;5;02.05.1994;02.05.1994;1;01.02.2003;2.23;19.52;14.56;WYKL
342/93;DAB;PM;5;02.05.1994;03.05.1994;2;01.02.2003;2.01;17.98;14.04;WYKL
342/93;DAB;PM;5;02.05.1994;04.05.1994;3;01.02.2003;2.24;19.2;14.4;WYKL
342/93;DAB;PM;5;02.05.1994;05.05.1994;4;4;2.44;19.1;13.99;WYKL
342/93;DAB;PM;5;02.05.1994;06.05.1994;5;5;2.3;19.78;14.45;WYKL
344/88;DZL;ParusMayor;7;02.05.1994;02.05.1994;1;01.02.2003;2.04;19.72;14.66;WYKL
344/88;DZL;ParusMayor;7;02.05.1994;03.05.1994;2;01.02.2003;1.76;20.62;16.3;WYKL
344/88;DZL;ParusMayor;7;02.05.1994;04.05.1994;3;01.02.2003;2.24;19.99;15.33;WYKL
344/88;DZL;ParusMayor;7;02.05.1994;05.05.1994;4;4;2.5;20.45;15.46;WYKL
344/88;DZL;ParusMayor;7;02.05.1994;06.05.1994;5;5;2.14;19.18;15.02;WYKL
344/88;DZL;ParusMayor;7;02.05.1994;07.05.1994;6;6;1.92;20.43;15.18;WYKL
344/88;DZL;ParusMayor;7;02.05.1994;08.05.1994;7;7;2.48;20.42;14.83;WYKL
366/88;LOM;Muscicapa;6;08.04.1994;08.04.1994;1;1;2.85;25.21;14.48;WYKL
366/88;LOM;Muscicapa;6;08.04.1994;09.04.1994;2;2;2.36;22.74;16.17;niewykl
366/88;LOM;Muscicapa;6;08.04.1994;10.04.1994;3;3;2.76;20.35;14.21;WYKL
366/88;LOM;Muscicapa;6;08.04.1994;11.04.1994;4;4;2.67;22.17;14.61;WYKL
366/88;LOM;Muscicapa;6;08.04.1994;12.04.1994;5;5;2.54;22.46;16.49;WYKL
366/88;LOM;Muscicapa;6;08.04.1994;13.04.1994;6;6;2.05;20.72;14.89;WYKL
369/83;LOM;PM;7;25.04.1994;25.04.1994;1;1;2.11;18.88;14.56;niewykl
369/83;LOM;PM;7;25.04.1994;26.04.1994;2;2;1.98;19.31;14.07;WYKL
369/83;LOM;PM;7;25.04.1994;27.04.1994;3;3;2.23;19.67;14.07;WYKL
369/83;LOM;PM;7;25.04.1994;28.04.1994;4;4;2.4;19.03;13.39;WYKL
369/83;LOM;PM;7;25.04.1994;29.04.1994;5;5;2.25;16.9;14.43;niewykl
369/83;LOM;PM;7;25.04.1994;30.04.1994;6;6;2.29;19.18;13.49;WYKL
369/83;LOM;PM;7;25.04.1994;01.05.1994;7;7;2.22;19.92;13.34;niewykl
381/88;DZP;PD;5;28.04.1994;28.04.1994;1;1;1.85;23.36;15.66;WYKL
381/88;DZP;PD;5;28.04.1994;29.04.1994;2;2;2.36;23.34;14.55;niewykl
381/88;DZP;PD;5;28.04.1994;30.04.1994;3;3;1.85;23.8;14.53;WYKL
381/88;DZP;PD;5;28.04.1994;01.05.1994;4;4;2.69;19.42;15.03;WYKL
381/88;DZP;PD;5;28.04.1994;02.05.1994;5;5;1.87;21.92;15.45;WYKL
388/83;DZL;ParusMayor;6;01.05.1994;01.05.1994;1;01.lut;2.33;19.73;15.23;WYKL
388/83;DZL;ParusMayor;6;01.05.1994;02.05.1994;2;01.lut;1.74;20.76;15.16;WYKL
388/83;DZL;ParusMayor;6;01.05.1994;03.05.1994;3;3;1.9;21.83;15.61;WYKL
388/83;DZL;ParusMayor;6;01.05.1994;04.05.1994;4;4;2.45;20.66;15.42;WYKL
388/83;DZL;ParusMayor;6;01.05.1994;05.05.1994;5;5;2.32;19.67;14.52;WYKL
388/83;DZL;ParusMayor;6;01.05.1994;06.05.1994;6;6;2.47;20.64;15.2;WYKL
393/92;DZL;PM;6;28.04.1994;28.04.1994;1;1;1.92;20.04;13.87;WYKL
393/92;DZL;PM;6;28.04.1994;29.04.1994;2;2;1.92;20.08;14.91;WYKL
393/92;DZL;PM;6;28.04.1994;30.04.1994;3;3;2.17;18.13;14.12;WYKL
393/92;DZL;PM;6;28.04.1994;01.05.1994;4;4;1.94;18.44;14.5;WYKL
393/92;DZL;PM;6;28.04.1994;02.05.1994;5;5;2.03;20.73;13.29;WYKL
393/92;DZL;PM;6;28.04.1994;03.05.1994;6;6;2.02;19.38;14.24;WYKL
398/83;SZP;Cyanistes;9;06.05.1994;06.05.1994;1;1;1.94;19.69;13.74;WYKL
398/83;SZP;Cyanistes;9;06.05.1994;07.05.1994;2;2;1.84;17.09;13.42;WYKL
398/83;SZP;Cyanistes;9;06.05.1994;08.05.1994;3;3;1.77;17.87;13.35;WYKL
398/83;SZP;Cyanistes;9;06.05.1994;09.05.1994;4;4;1.95;18.3;13.08;WYKL
398/83;SZP;Cyanistes;9;06.05.1994;10.05.1994;5;5;1.9;16.49;13.36;WYKL
398/83;SZP;Cyanistes;9;06.05.1994;11.05.1994;6;6;2.38;17.88;13.43;WYKL
398/83;SZP;Cyanistes;9;06.05.1994;12.05.1994;7;7;1.74;18.18;13.42;niewykl
398/83;SZP;Cyanistes;9;06.05.1994;13.05.1994;8;8;2.16;17.99;14.07;niewykl
398/83;SZP;Cyanistes;9;06.05.1994;14.05.1994;9;9;2.09;16.34;13.86;niewykl
400/93;LOM;PD;5;24.04.1994;24.04.1994;1;1;2.38;23.08;15.08;WYKL
400/93;LOM;PD;5;24.04.1994;25.04.1994;2;2;2.25;21.81;16.12;WYKL
400/93;LOM;PD;5;24.04.1994;26.04.1994;3;3;2.39;22.26;15.17;WYKL
400/93;LOM;PD;5;24.04.1994;27.04.1994;4;4;1.98;21.74;14.86;WYKL
400/93;LOM;PD;5;24.04.1994;28.04.1994;5;5;2.43;22.74;15.24;WYKL
404/93;LOM;Muscicapa;5;16.05.1994;16.05.1994;1;1;2.51;23.44;15.09;WYKL
404/93;LOM;Muscicapa;5;16.05.1994;17.05.1994;2;2;1.82;22.43;15.35;WYKL
404/93;LOM;Muscicapa;5;16.05.1994;18.05.1994;3;3;2.16;24.91;15.28;WYKL
404/93;LOM;Muscicapa;5;16.05.1994;19.05.1994;4;4;2.36;23.79;14.41;WYKL
404/93;LOM;Muscicapa;5;16.05.1994;20.05.1994;5;5;2.12;23.95;14.95;WYKL
412/82;LOM;Muscicapa;5;08.04.1994;08.04.1994;1;1;1.96;20.52;15.49;WYKL
412/82;LOM;Muscicapa;5;08.04.1994;09.04.1994;2;2;2.34;23.15;15.04;WYKL
412/82;LOM;Muscicapa;5;08.04.1994;10.04.1994;3;3;2.72;21.71;14.51;WYKL
412/82;LOM;Muscicapa;5;08.04.1994;11.04.1994;4;4;3.05;21.81;15.89;WYKL
412/82;LOM;Muscicapa;5;08.04.1994;12.04.1994;5;5;3.43;22.61;15.37;WYKL
416/93;DAB;Muscicapa;4;12.05.1994;12.05.1994;1;1;2.41;25.79;17.21;WYKL
416/93;DAB;Muscicapa;4;12.05.1994;13.05.1994;2;2;2.81;23.86;14.42;WYKL
416/93;DAB;Muscicapa;4;12.05.1994;14.05.1994;3;3;2.58;22.69;16.03;WYKL
416/93;DAB;Muscicapa;4;12.05.1994;15.05.1994;4;4;3.05;21.96;15.68;WYKL
419/93;DZP;PD;5;23.04.1994;23.04.1994;1;1;2.73;20.75;14.74;WYKL
419/93;DZP;PD;5;23.04.1994;24.04.1994;2;2;2.47;24.11;14.76;WYKL
419/93;DZP;PD;5;23.04.1994;25.04.1994;3;3;2.38;24.28;14.73;WYKL
419/93;DZP;PD;5;23.04.1994;26.04.1994;4;4;2.13;22.13;15.58;WYKL
419/93;DZP;PD;5;23.04.1994;27.04.1994;5;5;1.8;23.92;14.73;WYKL
421/82;LOM;ParusMayor;7;02.05.1994;02.05.1994;1;01.02.2003;2.11;19.37;14.5;niewykl
421/82;LOM;ParusMayor;7;02.05.1994;03.05.1994;2;01.02.2003;2.37;19.81;14.82;WYKL
421/82;LOM;ParusMayor;7;02.05.1994;04.05.1994;3;01.02.2003;2.36;21.06;15.47;WYKL
421/82;LOM;ParusMayor;7;02.05.1994;05.05.1994;4;4;2.63;20.1;15.26;WYKL
421/82;LOM;ParusMayor;7;02.05.1994;06.05.1994;5;5;1.67;20.59;14.88;WYKL
421/82;LOM;ParusMayor;7;02.05.1994;07.05.1994;6;6;1.97;20.85;15.49;WYKL
421/82;LOM;ParusMayor;7;02.05.1994;08.05.1994;7;7;2.62;20.53;15.02;niewykl
440/82;DZP;PD;5;25.04.1994;25.04.1994;1;1;2.29;22.4;15.31;niewykl
440/82;DZP;PD;5;25.04.1994;26.04.1994;2;2;2.53;23.66;15.49;niewykl
440/82;DZP;PD;5;25.04.1994;27.04.1994;3;3;2.68;21.63;15.26;niewykl
440/82;DZP;PD;5;25.04.1994;28.04.1994;4;4;2.87;22.81;14.99;niewykl
440/82;DZP;PD;5;25.04.1994;29.04.1994;5;5;2.57;22.52;15.5;WYKL
449/92;SZP;PD;5;29.04.1994;29.04.1994;1;1;2.44;22.6;15.22;WYKL
449/92;SZP;PD;5;29.04.1994;30.04.1994;2;2;2.21;22.64;15.06;niewykl
449/92;SZP;PD;5;29.04.1994;01.05.1994;3;3;2.85;22.04;14.63;WYKL
449/92;SZP;PD;5;29.04.1994;02.05.1994;4;4;2.46;22.44;15.19;WYKL
449/92;SZP;PD;5;29.04.1994;03.05.1994;5;5;2.48;24.35;14.77;WYKL
451/88;DZP;PM;6;22.04.1994;22.04.1994;1;1;2.26;19.17;14.3;WYKL
451/88;DZP;PM;6;22.04.1994;23.04.1994;2;2;1.81;20.21;14.65;WYKL
451/88;DZP;PM;6;22.04.1994;24.04.1994;3;3;2.2;18.21;14.32;WYKL
451/88;DZP;PM;6;22.04.1994;25.04.1994;4;4;1.97;18.82;13.96;WYKL
451/88;DZP;PM;6;22.04.1994;26.04.1994;5;5;2.24;18;14.24;WYKL
451/88;DZP;PM;6;22.04.1994;27.04.1994;6;6;1.92;20.34;14.75;WYKL
459/83;DZP;PM;4;05.05.1994;05.05.1994;1;1;2.02;21.04;14.44;WYKL
459/83;DZP;PM;4;05.05.1994;06.05.1994;2;2;2.27;20.02;13.6;niewykl
459/83;DZP;PM;4;05.05.1994;07.05.1994;3;3;1.98;18.63;13.78;WYKL
459/83;DZP;PM;4;05.05.1994;08.05.1994;4;4;2.1;19.56;13.85;WYKL
460/88;DZP;PD;6;21.04.1994;21.04.1994;1;1;2.93;22.34;14.59;WYKL
460/88;DZP;PD;6;21.04.1994;22.04.1994;2;2;2.25;23.87;15.56;niewykl
460/88;DZP;PD;6;21.04.1994;23.04.1994;3;3;1.79;20.81;15.19;WYKL
460/88;DZP;PD;6;21.04.1994;24.04.1994;4;4;2.54;21.16;15.63;WYKL
460/88;DZP;PD;6;21.04.1994;25.04.1994;5;5;2.93;21.54;15.44;niewykl
460/88;DZP;PD;6;21.04.1994;26.04.1994;6;6;2.38;20.37;15.22;WYKL
463/88;LOM;PM;5;30.04.1994;30.04.1994;1;1;2.18;19.92;13.52;WYKL
463/88;LOM;PM;5;30.04.1994;01.05.1994;2;2;2.21;20.13;14.95;WYKL
463/88;LOM;PM;5;30.04.1994;02.05.1994;3;3;2.13;19.4;14.08;WYKL
463/88;LOM;PM;5;30.04.1994;03.05.1994;4;4;2.07;19.18;14.17;WYKL
463/88;LOM;PM;5;30.04.1994;04.05.1994;5;5;2.29;18.76;14.53;WYKL
473/82;LOM;Muscicapa;4;11.05.1994;11.05.1994;1;1;2.45;22.87;14.68;niewykl
473/82;LOM;Muscicapa;4;11.05.1994;12.05.1994;2;2;2.89;20.25;16.78;WYKL
473/82;LOM;Muscicapa;4;11.05.1994;13.05.1994;3;3;2.64;22.5;15.06;WYKL
473/82;LOM;Muscicapa;4;11.05.1994;14.05.1994;4;4;2.52;23.56;15.98;WYKL
475/93;LOM;ParusMayor;5;03.05.1994;03.05.1994;1;1;1.84;20.53;15.47;WYKL
475/93;LOM;ParusMayor;5;03.05.1994;04.05.1994;2;2;1.99;19.68;16.64;WYKL
475/93;LOM;ParusMayor;5;03.05.1994;05.05.1994;3;3;1.7;20.63;16.38;WYKL
475/93;LOM;ParusMayor;5;03.05.1994;06.05.1994;4;4;2.32;20.81;15.32;WYKL
475/93;LOM;ParusMayor;5;03.05.1994;07.05.1994;5;5;1.79;20.45;14.85;WYKL
480/92;LOM;ParusMayor;6;07.05.1994;07.05.1994;1;1;2.12;20.57;15.4;WYKL
480/92;LOM;ParusMayor;6;07.05.1994;08.05.1994;2;2;2.48;19.34;15.15;WYKL
480/92;LOM;ParusMayor;6;07.05.1994;09.05.1994;3;3;2.57;20.15;15.47;WYKL
480/92;LOM;ParusMayor;6;07.05.1994;10.05.1994;4;4;1.58;20.84;14.95;WYKL
480/92;LOM;ParusMayor;6;07.05.1994;11.05.1994;5;5;2.52;19.28;15.4;WYKL
480/92;LOM;ParusMayor;6;07.05.1994;12.05.1994;6;6;1.69;19.69;14.25;WYKL
487/93;DZL;Muscicapa;5;10.04.1994;10.04.1994;1;1;2.15;21.06;16.69;WYKL
487/93;DZL;Muscicapa;5;10.04.1994;11.04.1994;2;2;2.61;22.49;14.6;niewykl
487/93;DZL;Muscicapa;5;10.04.1994;12.04.1994;3;3;2.44;21.78;16.34;WYKL
487/93;DZL;Muscicapa;5;10.04.1994;13.04.1994;4;4;2.66;23.05;14.82;WYKL
487/93;DZL;Muscicapa;5;10.04.1994;14.04.1994;5;5;2.69;21.82;13.91;niewykl
488/93;DZP;PD;5;27.04.1994;27.04.1994;1;1;2.77;23.46;16.05;niewykl
488/93;DZP;PD;5;27.04.1994;28.04.1994;2;2;2.12;21.42;15.62;niewykl
488/93;DZP;PD;5;27.04.1994;29.04.1994;3;3;1.94;21.71;15.37;niewykl
488/93;DZP;PD;5;27.04.1994;30.04.1994;4;4;2.43;22.63;15.22;niewykl
488/93;DZP;PD;5;27.04.1994;01.05.1994;5;5;2.27;22.19;14.83;niewykl
491/88;DZP;PM;5;30.04.1994;30.04.1994;1;1;1.91;19.31;13.91;WYKL
491/88;DZP;PM;5;30.04.1994;01.05.1994;2;2;2.29;19.13;14;WYKL
491/88;DZP;PM;5;30.04.1994;02.05.1994;3;3;2;19.9;14.04;WYKL
491/88;DZP;PM;5;30.04.1994;03.05.1994;4;4;2.2;18.84;13.69;WYKL
491/88;DZP;PM;5;30.04.1994;04.05.1994;5;5;2.28;19.46;13.92;WYKL
498/83;LOM;PM;5;22.04.1994;22.04.1994;1;1;2.1;17.05;13.75;WYKL
498/83;LOM;PM;5;22.04.1994;23.04.1994;2;2;2.25;18.96;14.03;WYKL
498/83;LOM;PM;5;22.04.1994;24.04.1994;3;3;2.2;17.08;14.32;WYKL
498/83;LOM;PM;5;22.04.1994;25.04.1994;4;4;2.33;17.59;14.68;niewykl
498/83;LOM;PM;5;22.04.1994;26.04.1994;5;5;1.95;18.9;13.49;WYKL
503/93;DZP;Cyanistes;8;02.05.1994;02.05.1994;1;01.02.2003;2.11;19.2;13.54;WYKL
503/93;DZP;Cyanistes;8;02.05.1994;03.05.1994;2;01.02.2003;2.14;17.91;12.93;WYKL
503/93;DZP;Cyanistes;8;02.05.1994;04.05.1994;3;01.02.2003;2.15;17.93;13.02;WYKL
503/93;DZP;Cyanistes;8;02.05.1994;05.05.1994;4;4;2.27;19.15;13.49;WYKL
503/93;DZP;Cyanistes;8;02.05.1994;06.05.1994;5;5;2.15;18.58;13.86;WYKL
503/93;DZP;Cyanistes;8;02.05.1994;07.05.1994;6;6;2.53;18.18;13.49;WYKL
503/93;DZP;Cyanistes;8;02.05.1994;08.05.1994;7;7;2.21;19.06;13.23;niewykl
503/93;DZP;Cyanistes;8;02.05.1994;09.05.1994;8;8;2.2;17.38;13.92;WYKL
509/82;SZP;PM;4;25.04.1994;25.04.1994;1;1;2.04;19.75;14.08;WYKL
509/82;SZP;PM;4;25.04.1994;26.04.1994;2;2;2.26;19.39;14.31;WYKL
509/82;SZP;PM;4;25.04.1994;27.04.1994;3;3;2.06;19.9;14.35;WYKL
509/82;SZP;PM;4;25.04.1994;28.04.1994;4;4;2.29;20.71;13.58;WYKL
511/82;LOM;PM;4;23.04.1994;23.04.1994;1;1;2.15;19.42;13.45;WYKL
511/82;LOM;PM;4;23.04.1994;24.04.1994;2;2;2.02;19.1;14.31;WYKL
511/82;LOM;PM;4;23.04.1994;25.04.1994;3;3;2.48;19.34;14.29;WYKL
511/82;LOM;PM;4;23.04.1994;26.04.1994;4;4;1.95;19.86;14.57;WYKL
512/92;DZP;ParusMayor;6;02.05.1994;02.05.1994;1;01.02.2003;2.54;19.15;15.03;WYKL
512/92;DZP;ParusMayor;6;02.05.1994;03.05.1994;2;01.02.2003;2.24;20.48;15.83;WYKL
512/92;DZP;ParusMayor;6;02.05.1994;04.05.1994;3;01.02.2003;1.78;20.27;14.63;WYKL
512/92;DZP;ParusMayor;6;02.05.1994;05.05.1994;4;4;2.93;20.32;15.06;WYKL
512/92;DZP;ParusMayor;6;02.05.1994;06.05.1994;5;5;1.84;19.61;14.09;WYKL
512/92;DZP;ParusMayor;6;02.05.1994;07.05.1994;6;6;2.45;21.17;14.79;WYKL
514/88;LOM;ParusMayor;4;26.04.1994;26.04.1994;1;1;2.17;21;16.03;WYKL
514/88;LOM;ParusMayor;4;26.04.1994;27.04.1994;2;2;2.07;20.01;15.17;WYKL
514/88;LOM;ParusMayor;4;26.04.1994;28.04.1994;3;3;2.59;19.13;15.51;WYKL
514/88;LOM;ParusMayor;4;26.04.1994;29.04.1994;4;4;2.4;20.11;14.92;WYKL
515/76;DZL;Cyanistes;8;29.04.1994;29.04.1994;1;1;1.71;18.22;13.17;WYKL
515/76;DZL;Cyanistes;8;29.04.1994;30.04.1994;2;2;1.8;18.42;13.76;niewykl
515/76;DZL;Cyanistes;8;29.04.1994;01.05.1994;3;3;2.22;18.16;13.62;WYKL
515/76;DZL;Cyanistes;8;29.04.1994;02.05.1994;4;4;2.36;18.2;13.6;WYKL
515/76;DZL;Cyanistes;8;29.04.1994;03.05.1994;5;5;1.95;17.59;13.17;WYKL
515/76;DZL;Cyanistes;8;29.04.1994;04.05.1994;6;6;2.48;19.77;13.86;WYKL
515/76;DZL;Cyanistes;8;29.04.1994;05.05.1994;7;7;2.07;17.63;13.27;WYKL
515/76;DZL;Cyanistes;8;29.04.1994;06.05.1994;8;8;1.95;17.95;13.53;WYKL
519/93;DZP;Muscicapa;5;14.05.1994;14.05.1994;1;1;2.01;22.59;15.24;WYKL
519/93;DZP;Muscicapa;5;14.05.1994;15.05.1994;2;2;1.83;22.43;15.43;niewykl
519/93;DZP;Muscicapa;5;14.05.1994;16.05.1994;3;3;2.37;23.54;16.27;WYKL
519/93;DZP;Muscicapa;5;14.05.1994;17.05.1994;4;4;3.17;23.54;15.36;WYKL
519/93;DZP;Muscicapa;5;14.05.1994;18.05.1994;5;5;3.33;23.32;15.37;niewykl
520/93;LOM;ParusMayor;7;03.05.1994;03.05.1994;1;1;2.09;20.78;14.8;WYKL
520/93;LOM;ParusMayor;7;03.05.1994;04.05.1994;2;2;2.37;19.74;15.11;WYKL
520/93;LOM;ParusMayor;7;03.05.1994;05.05.1994;3;3;2.6;20.32;15.74;niewykl
520/93;LOM;ParusMayor;7;03.05.1994;06.05.1994;4;4;2.27;20.62;15.3;WYKL
520/93;LOM;ParusMayor;7;03.05.1994;07.05.1994;5;5;2.4;20.8;15.37;WYKL
520/93;LOM;ParusMayor;7;03.05.1994;08.05.1994;6;6;1.89;20.83;15.59;WYKL
520/93;LOM;ParusMayor;7;03.05.1994;09.05.1994;7;7;2.63;19.75;14.66;WYKL
525/93;SZP;ParusMayor;5;02.05.1994;02.05.1994;1;01.02.2003;2.01;20.76;14.75;WYKL
525/93;SZP;ParusMayor;5;02.05.1994;03.05.1994;2;01.02.2003;2.32;21.21;15.57;WYKL
525/93;SZP;ParusMayor;5;02.05.1994;04.05.1994;3;01.02.2003;2.25;21.43;15.03;WYKL
525/93;SZP;ParusMayor;5;02.05.1994;05.05.1994;4;4;2.37;20.21;15.88;WYKL
525/93;SZP;ParusMayor;5;02.05.1994;06.05.1994;5;5;2.43;21.36;15.26;WYKL
528/88;DZP;Ficedula;4;17.05.1994;17.05.1994;1;1;2.78;23.01;15.1;WYKL
528/88;DZP;Ficedula;4;17.05.1994;18.05.1994;2;2;2.57;23.06;15.52;WYKL
528/88;DZP;Ficedula;4;17.05.1994;19.05.1994;3;3;2.56;23.78;16.05;niewykl
528/88;DZP;Ficedula;4;17.05.1994;20.05.1994;4;4;2.66;21.67;16.75;WYKL
529/88;LOM;ParusMayor;7;26.04.1994;26.04.1994;1;1;2.63;20.69;15.32;WYKL
529/88;LOM;ParusMayor;7;26.04.1994;27.04.1994;2;2;2.55;20.05;15.73;WYKL
529/88;LOM;ParusMayor;7;26.04.1994;28.04.1994;3;3;1.88;19;14.46;WYKL
529/88;LOM;ParusMayor;7;26.04.1994;29.04.1994;4;4;2.15;19.83;14.84;WYKL
529/88;LOM;ParusMayor;7;26.04.1994;30.04.1994;5;5;2.45;19.02;15.17;WYKL
529/88;LOM;ParusMayor;7;26.04.1994;01.05.1994;6;6;2.53;20.12;15.32;WYKL
529/88;LOM;ParusMayor;7;26.04.1994;02.05.1994;7;7;2.93;20.14;15.24;WYKL
532/93;DZP;Cyanistes;5;02.05.1994;02.05.1994;1;01.02.2003;1.98;17.91;13.14;WYKL
532/93;DZP;Cyanistes;5;02.05.1994;03.05.1994;2;01.02.2003;2.26;19.29;13.18;WYKL
532/93;DZP;Cyanistes;5;02.05.1994;04.05.1994;3;01.02.2003;2.11;18.03;13.58;WYKL
532/93;DZP;Cyanistes;5;02.05.1994;05.05.1994;4;4;2.24;17.9;13.54;WYKL
532/93;DZP;Cyanistes;5;02.05.1994;06.05.1994;5;5;1.97;18.35;13.66;WYKL
540/82;DZP;ParusMayor;5;26.04.1994;26.04.1994;1;1;2.5;20.01;15.27;WYKL
540/82;DZP;ParusMayor;5;26.04.1994;27.04.1994;2;2;2.05;20.68;15.35;WYKL
540/82;DZP;ParusMayor;5;26.04.1994;28.04.1994;3;3;2.18;20.13;16.25;WYKL
540/82;DZP;ParusMayor;5;26.04.1994;29.04.1994;4;4;1.98;22.11;14.64;WYKL
540/82;DZP;ParusMayor;5;26.04.1994;30.04.1994;5;5;2.55;21.28;15.04;WYKL
541/83;LOM;Cyanistes;7;03.05.1994;03.05.1994;1;1;1.79;17.71;13.61;niewykl
541/83;LOM;Cyanistes;7;03.05.1994;04.05.1994;2;2;2.17;17.23;13.47;WYKL
541/83;LOM;Cyanistes;7;03.05.1994;05.05.1994;3;3;2.25;18.63;13.23;WYKL
541/83;LOM;Cyanistes;7;03.05.1994;06.05.1994;4;4;2.04;18.74;13.58;WYKL
541/83;LOM;Cyanistes;7;03.05.1994;07.05.1994;5;5;2.37;18.58;13.24;WYKL
541/83;LOM;Cyanistes;7;03.05.1994;08.05.1994;6;6;2.5;18.95;13.3;WYKL
541/83;LOM;Cyanistes;7;03.05.1994;09.05.1994;7;7;2;19.42;13.58;WYKL
552/76;DZL;PM;5;27.04.1994;27.04.1994;1;1;2.18;20.61;14.01;WYKL
552/76;DZL;PM;5;27.04.1994;28.04.1994;2;2;2.13;18.81;14.53;WYKL
552/76;DZL;PM;5;27.04.1994;29.04.1994;3;3;2.1;18.94;14.29;WYKL
552/76;DZL;PM;5;27.04.1994;30.04.1994;4;4;2.44;20.38;13.28;WYKL
552/76;DZL;PM;5;27.04.1994;01.05.1994;5;5;2.26;18.79;14.91;WYKL
553/82;SZP;PM;5;26.04.1994;26.04.1994;1;1;2.55;18.64;13.51;WYKL
553/82;SZP;PM;5;26.04.1994;27.04.1994;2;2;2.34;19.04;14.34;WYKL
553/82;SZP;PM;5;26.04.1994;28.04.1994;3;3;2.11;18.6;13.61;WYKL
553/82;SZP;PM;5;26.04.1994;29.04.1994;4;4;2.16;20.16;14.2;WYKL
553/82;SZP;PM;5;26.04.1994;30.04.1994;5;5;2.43;20.62;13.37;WYKL
554/92;DZP;PD;5;22.04.1994;22.04.1994;1;1;2.6;22.97;15.27;WYKL
554/92;DZP;PD;5;22.04.1994;23.04.1994;2;2;2.82;22.54;14.32;WYKL
554/92;DZP;PD;5;22.04.1994;24.04.1994;3;3;2.45;22.09;15.16;WYKL
554/92;DZP;PD;5;22.04.1994;25.04.1994;4;4;2.6;22.35;14.55;WYKL
554/92;DZP;PD;5;22.04.1994;26.04.1994;5;5;2.59;21.94;15.49;WYKL
559/93;DAB;Muscicapa;5;13.05.1994;13.05.1994;1;1;2.71;24.18;16.11;WYKL
559/93;DAB;Muscicapa;5;13.05.1994;14.05.1994;2;2;2.25;22.59;15.76;WYKL
559/93;DAB;Muscicapa;5;13.05.1994;15.05.1994;3;3;2.6;23.35;15.9;WYKL
559/93;DAB;Muscicapa;5;13.05.1994;16.05.1994;4;4;3.01;22.68;17.29;WYKL
559/93;DAB;Muscicapa;5;13.05.1994;17.05.1994;5;5;2.56;23.72;15.39;WYKL
561/88;DZP;PM;5;26.04.1994;26.04.1994;1;1;2.28;19.5;14.18;WYKL
561/88;DZP;PM;5;26.04.1994;27.04.1994;2;2;2.21;19.89;13.93;WYKL
561/88;DZP;PM;5;26.04.1994;28.04.1994;3;3;2.31;19.09;13.85;WYKL
561/88;DZP;PM;5;26.04.1994;29.04.1994;4;4;2.18;19.78;13.84;WYKL
561/88;DZP;PM;5;26.04.1994;30.04.1994;5;5;2.39;18.65;14.59;WYKL
562/88;DZP;PD;3;29.04.1994;29.04.1994;1;1;2.29;23.39;15.53;WYKL
562/88;DZP;PD;3;29.04.1994;30.04.1994;2;2;2.08;20.81;14.69;WYKL
562/88;DZP;PD;3;29.04.1994;01.05.1994;3;3;2.42;22.66;15.61;WYKL
564/93;DAB;Muscicapa;4;14.05.1994;14.05.1994;1;1;2.71;23.04;14.27;niewykl
564/93;DAB;Muscicapa;4;14.05.1994;15.05.1994;2;2;2.59;23.76;15.58;WYKL
564/93;DAB;Muscicapa;4;14.05.1994;16.05.1994;3;3;3.38;21.57;16.32;WYKL
564/93;DAB;Muscicapa;4;14.05.1994;17.05.1994;4;4;2;24.14;15.31;WYKL
580/93;DAB;PD;5;30.04.1994;30.04.1994;1;1;2.2;21.09;15.73;WYKL
580/93;DAB;PD;5;30.04.1994;01.05.1994;2;2;2.06;22.86;15.06;WYKL
580/93;DAB;PD;5;30.04.1994;02.05.1994;3;3;2.41;24.1;14.72;niewykl
580/93;DAB;PD;5;30.04.1994;03.05.1994;4;4;2.12;20.13;15.7;WYKL
580/93;DAB;PD;5;30.04.1994;04.05.1994;5;5;2.57;23.13;15.04;WYKL
582/88;SZP;PD;5;24.04.1994;24.04.1994;1;1;2.23;21.54;14.59;niewykl
582/88;SZP;PD;5;24.04.1994;25.04.1994;2;2;2;23.74;14.93;WYKL
582/88;SZP;PD;5;24.04.1994;26.04.1994;3;3;2.12;21.17;15.34;WYKL
582/88;SZP;PD;5;24.04.1994;27.04.1994;4;4;2.26;22.01;15.48;WYKL
582/88;SZP;PD;5;24.04.1994;28.04.1994;5;5;2.14;22.78;15.05;WYKL
584/92;DZL;PD;4;26.04.1994;26.04.1994;1;1;2.56;23.21;14.5;WYKL
584/92;DZL;PD;4;26.04.1994;27.04.1994;2;2;2.43;19.43;16.27;niewykl
584/92;DZL;PD;4;26.04.1994;28.04.1994;3;3;2.03;21.33;14.99;niewykl
584/92;DZL;PD;4;26.04.1994;29.04.1994;4;4;2.98;22.19;15.5;WYKL
590/92;SZP;PD;3;24.04.1994;24.04.1994;1;1;2.33;22.06;14.9;WYKL
590/92;SZP;PD;3;24.04.1994;25.04.1994;2;2;2.49;21;14.4;WYKL
590/92;SZP;PD;3;24.04.1994;26.04.1994;3;3;2.25;19.87;15.05;WYKL
591/93;DZP;PM;6;01.05.1994;01.05.1994;1;01.lut;2.24;18.23;13.77;WYKL
591/93;DZP;PM;6;01.05.1994;02.05.1994;2;01.lut;2.03;18.42;13.78;WYKL
591/93;DZP;PM;6;01.05.1994;03.05.1994;3;3;1.95;19.54;14.09;WYKL
591/93;DZP;PM;6;01.05.1994;04.05.1994;4;4;2.48;19.19;14.71;WYKL
591/93;DZP;PM;6;01.05.1994;05.05.1994;5;5;2.06;19.32;14.29;WYKL
591/93;DZP;PM;6;01.05.1994;06.05.1994;6;6;2.02;19.94;14.18;WYKL
594/88;DAB;ParusMayor;6;02.05.1994;02.05.1994;1;01.02.2003;2.44;19.77;15.28;WYKL
594/88;DAB;ParusMayor;6;02.05.1994;03.05.1994;2;01.02.2003;2.18;20.42;15.18;WYKL
594/88;DAB;ParusMayor;6;02.05.1994;04.05.1994;3;01.02.2003;2.36;20.83;15.46;niewykl
594/88;DAB;ParusMayor;6;02.05.1994;05.05.1994;4;4;2.1;19.43;15.36;WYKL
594/88;DAB;ParusMayor;6;02.05.1994;06.05.1994;5;5;1.98;22.01;14.78;WYKL
594/88;DAB;ParusMayor;6;02.05.1994;07.05.1994;6;6;2.36;19.75;14.63;WYKL
595/88;LOM;Muscicapa;5;10.04.1994;10.04.1994;1;1;2.29;22.97;16.31;WYKL
595/88;LOM;Muscicapa;5;10.04.1994;11.04.1994;2;2;2.45;23.85;15.16;WYKL
595/88;LOM;Muscicapa;5;10.04.1994;12.04.1994;3;3;2.39;22.96;15.62;WYKL
595/88;LOM;Muscicapa;5;10.04.1994;13.04.1994;4;4;2.04;23.76;14.82;WYKL
595/88;LOM;Muscicapa;5;10.04.1994;14.04.1994;5;5;2.51;23.27;15.3;WYKL
597/88;DZP;ParusMayor;4;03.05.1994;03.05.1994;1;1;2.34;19.09;14.95;WYKL
597/88;DZP;ParusMayor;4;03.05.1994;04.05.1994;2;2;1.87;20.45;14.9;WYKL
597/88;DZP;ParusMayor;4;03.05.1994;05.05.1994;3;3;2.91;20.65;15.08;WYKL
597/88;DZP;ParusMayor;4;03.05.1994;06.05.1994;4;4;2.25;19.61;14.62;WYKL
604/83;DZL;PM;4;23.04.1994;23.04.1994;1;1;2.11;19.67;13.84;WYKL
604/83;DZL;PM;4;23.04.1994;24.04.1994;2;2;2.04;19.43;14.17;WYKL
604/83;DZL;PM;4;23.04.1994;25.04.1994;3;3;2.31;19.41;14.46;WYKL
604/83;DZL;PM;4;23.04.1994;26.04.1994;4;4;2.46;20.56;14.04;WYKL
616/83;DZP;PD;5;30.04.1994;30.04.1994;1;1;2.98;20.63;15.24;WYKL
616/83;DZP;PD;5;30.04.1994;01.05.1994;2;2;2.14;21.38;15.89;niewykl
616/83;DZP;PD;5;30.04.1994;02.05.1994;3;3;2.33;21.31;14.61;WYKL
616/83;DZP;PD;5;30.04.1994;03.05.1994;4;4;1.81;21.82;15.67;niewykl
616/83;DZP;PD;5;30.04.1994;04.05.1994;5;5;2.43;21.01;15.63;WYKL
626/88;DAB;PM;5;26.04.1994;26.04.1994;1;1;2.34;18.46;14.52;WYKL
626/88;DAB;PM;5;26.04.1994;27.04.1994;2;2;1.79;17.92;14.25;WYKL
626/88;DAB;PM;5;26.04.1994;28.04.1994;3;3;2.15;19.04;13.76;WYKL
626/88;DAB;PM;5;26.04.1994;29.04.1994;4;4;1.85;18.75;14.05;niewykl
626/88;DAB;PM;5;26.04.1994;30.04.1994;5;5;2.16;18.16;14.49;WYKL
627/83;DZP;PM;5;29.04.1994;29.04.1994;1;1;2.01;19.64;14.7;niewykl
627/83;DZP;PM;5;29.04.1994;30.04.1994;2;2;2.15;19.15;14.08;WYKL
627/83;DZP;PM;5;29.04.1994;01.05.1994;3;3;1.93;20.61;14.4;WYKL
627/83;DZP;PM;5;29.04.1994;02.05.1994;4;4;2.15;18.37;14.29;WYKL
627/83;DZP;PM;5;29.04.1994;03.05.1994;5;5;2.24;19.3;13.6;niewykl
629/88;DAB;Cyanistes;9;04.05.1994;04.05.1994;1;1;1.92;17.95;13.52;niewykl
629/88;DAB;Cyanistes;9;04.05.1994;05.05.1994;2;2;2.09;18.14;13.15;niewykl
629/88;DAB;Cyanistes;9;04.05.1994;06.05.1994;3;3;2.15;17.12;14.25;niewykl
629/88;DAB;Cyanistes;9;04.05.1994;07.05.1994;4;4;2.09;17.23;13.65;niewykl
629/88;DAB;Cyanistes;9;04.05.1994;08.05.1994;5;5;2.25;19.08;13.84;niewykl
629/88;DAB;Cyanistes;9;04.05.1994;09.05.1994;6;6;2.41;18.31;13.63;niewykl
629/88;DAB;Cyanistes;9;04.05.1994;10.05.1994;7;7;1.76;17.48;13.59;niewykl
629/88;DAB;Cyanistes;9;04.05.1994;11.05.1994;8;8;2.25;19.61;13.77;niewykl
629/88;DAB;Cyanistes;9;04.05.1994;12.05.1994;9;9;2.04;18.46;13.35;niewykl
634/88;SZP;Ficedula;5;12.05.1994;12.05.1994;1;1;2.82;24.57;15.36;WYKL
634/88;SZP;Ficedula;5;12.05.1994;13.05.1994;2;2;2.21;19.6;15.46;WYKL
634/88;SZP;Ficedula;5;12.05.1994;14.05.1994;3;3;2.49;20.71;14.45;niewykl
634/88;SZP;Ficedula;5;12.05.1994;15.05.1994;4;4;2.08;23.16;16.34;WYKL
634/88;SZP;Ficedula;5;12.05.1994;16.05.1994;5;5;2.41;23.35;15.91;WYKL
641/92;DAB;ParusMayor;5;04.05.1994;04.05.1994;1;1;2.12;20.2;15.88;WYKL
641/92;DAB;ParusMayor;5;04.05.1994;05.05.1994;2;2;2.62;19.47;14.5;WYKL
641/92;DAB;ParusMayor;5;04.05.1994;06.05.1994;3;3;2.74;20.56;15.05;WYKL
641/92;DAB;ParusMayor;5;04.05.1994;07.05.1994;4;4;2.79;19.84;14.57;WYKL
641/92;DAB;ParusMayor;5;04.05.1994;08.05.1994;5;5;1.77;21.36;14.85;WYKL
642/93;LOM;Cyanistes;7;11.05.1994;11.05.1994;1;1;2.1;17.87;13.32;WYKL
642/93;LOM;Cyanistes;7;11.05.1994;12.05.1994;2;2;2.16;16.58;13.56;niewykl
642/93;LOM;Cyanistes;7;11.05.1994;13.05.1994;3;3;2.19;18.17;14;WYKL
642/93;LOM;Cyanistes;7;11.05.1994;14.05.1994;4;4;1.76;18.74;13.54;WYKL
642/93;LOM;Cyanistes;7;11.05.1994;15.05.1994;5;5;1.84;17.47;13.85;WYKL
642/93;LOM;Cyanistes;7;11.05.1994;16.05.1994;6;6;2.29;17.91;13.19;WYKL
642/93;LOM;Cyanistes;7;11.05.1994;17.05.1994;7;7;2.11;18.3;13.03;WYKL
648/93;DZP;PM;5;30.04.1994;30.04.1994;1;1;2.16;18.24;14.26;niewykl
648/93;DZP;PM;5;30.04.1994;01.05.1994;2;2;2.23;19.11;14.13;niewykl
648/93;DZP;PM;5;30.04.1994;02.05.1994;3;3;2.3;19.98;14.33;niewykl
648/93;DZP;PM;5;30.04.1994;03.05.1994;4;4;2.4;17.71;14.1;niewykl
648/93;DZP;PM;5;30.04.1994;04.05.1994;5;5;1.93;19.1;14.6;niewykl
654/88;DAB;PD;4;25.04.1994;25.04.1994;1;1;2.04;22.42;15.21;WYKL
654/88;DAB;PD;4;25.04.1994;26.04.1994;2;2;2.53;23.28;14;WYKL
654/88;DAB;PD;4;25.04.1994;27.04.1994;3;3;2.47;21.77;16.01;WYKL
654/88;DAB;PD;4;25.04.1994;28.04.1994;4;4;2.65;23.83;15.39;WYKL
660/82;DZL;ParusMayor;4;29.04.1994;29.04.1994;1;1;1.94;20.65;15.22;WYKL
660/82;DZL;ParusMayor;4;29.04.1994;30.04.1994;2;2;2.43;20.23;14.84;WYKL
660/82;DZL;ParusMayor;4;29.04.1994;01.05.1994;3;3;1.7;19.49;14.52;WYKL
660/82;DZL;ParusMayor;4;29.04.1994;02.05.1994;4;4;2.36;20.1;15.24;WYKL
674/93;DAB;Cyanistes;7;29.04.1994;29.04.1994;1;1;1.95;18.39;13.36;WYKL
674/93;DAB;Cyanistes;7;29.04.1994;30.04.1994;2;2;2.26;17.83;13.57;WYKL
674/93;DAB;Cyanistes;7;29.04.1994;01.05.1994;3;3;2.21;18.06;13.06;WYKL
674/93;DAB;Cyanistes;7;29.04.1994;02.05.1994;4;4;2.14;17.06;13.76;WYKL
674/93;DAB;Cyanistes;7;29.04.1994;03.05.1994;5;5;2.16;17.72;13.03;WYKL
674/93;DAB;Cyanistes;7;29.04.1994;04.05.1994;6;6;2.25;18.6;13.31;WYKL
674/93;DAB;Cyanistes;7;29.04.1994;05.05.1994;7;7;2.08;19.14;13.6;WYKL
679/93;DZP;Cyanistes;7;02.05.1994;02.05.1994;1;01.02.2003;2.17;19.21;13.74;WYKL
679/93;DZP;Cyanistes;7;02.05.1994;03.05.1994;2;01.02.2003;2.33;18.55;13.64;WYKL
679/93;DZP;Cyanistes;7;02.05.1994;04.05.1994;3;01.02.2003;2.43;17.23;12.79;WYKL
679/93;DZP;Cyanistes;7;02.05.1994;05.05.1994;4;4;2;18.22;13.72;WYKL
679/93;DZP;Cyanistes;7;02.05.1994;06.05.1994;5;5;2.15;18.43;13.4;WYKL
679/93;DZP;Cyanistes;7;02.05.1994;07.05.1994;6;6;2.17;17.57;13.78;WYKL
679/93;DZP;Cyanistes;7;02.05.1994;08.05.1994;7;7;2.21;18.53;13.37;niewykl
691/82;SZP;Ficedula;5;10.04.1994;10.04.1994;1;1;2.52;21.73;14.46;WYKL
691/82;SZP;Ficedula;5;10.04.1994;11.04.1994;2;2;2.36;22.42;15.6;WYKL
691/82;SZP;Ficedula;5;10.04.1994;12.04.1994;3;3;2.26;24.03;14.99;WYKL
691/82;SZP;Ficedula;5;10.04.1994;13.04.1994;4;4;2.39;22.01;14.58;WYKL
691/82;SZP;Ficedula;5;10.04.1994;14.04.1994;5;5;2.38;23.02;15.45;WYKL
702/83;SZP;PD;5;24.04.1994;24.04.1994;1;1;2.29;21.58;14.74;niewykl
702/83;SZP;PD;5;24.04.1994;25.04.1994;2;2;2.71;23.92;15.14;WYKL
702/83;SZP;PD;5;24.04.1994;26.04.1994;3;3;2.61;23.28;15.35;WYKL
702/83;SZP;PD;5;24.04.1994;27.04.1994;4;4;1.88;19.13;16.01;WYKL
702/83;SZP;PD;5;24.04.1994;28.04.1994;5;5;2.69;22.37;15.1;WYKL
710/83;SZP;PM;6;27.04.1994;27.04.1994;1;1;2.02;19.14;14.34;WYKL
710/83;SZP;PM;6;27.04.1994;28.04.1994;2;2;2.26;19.2;14.48;WYKL
710/83;SZP;PM;6;27.04.1994;29.04.1994;3;3;1.9;19.15;14.07;WYKL
710/83;SZP;PM;6;27.04.1994;30.04.1994;4;4;2.26;19.92;14.17;WYKL
710/83;SZP;PM;6;27.04.1994;01.05.1994;5;5;1.88;17.89;13.86;WYKL
710/83;SZP;PM;6;27.04.1994;02.05.1994;6;6;2.01;19.79;14.17;WYKL
717/93;LOM;PD;5;23.04.1994;23.04.1994;1;1;2.23;21.51;15.52;WYKL
717/93;LOM;PD;5;23.04.1994;24.04.1994;2;2;2.43;20.5;14.88;WYKL
717/93;LOM;PD;5;23.04.1994;25.04.1994;3;3;2.66;19.38;15.25;WYKL
717/93;LOM;PD;5;23.04.1994;26.04.1994;4;4;2.51;22.06;15.49;WYKL
717/93;LOM;PD;5;23.04.1994;27.04.1994;5;5;2.61;22.45;15.69;WYKL
723/92;DZL;Muscicapa;5;09.04.1994;09.04.1994;1;1;1.91;25.65;15.95;WYKL
723/92;DZL;Muscicapa;5;09.04.1994;10.04.1994;2;2;2.65;22.96;16.18;WYKL
723/92;DZL;Muscicapa;5;09.04.1994;11.04.1994;3;3;2.43;22.79;16.2;niewykl
723/92;DZL;Muscicapa;5;09.04.1994;12.04.1994;4;4;2.92;21.48;15.04;niewykl
723/92;DZL;Muscicapa;5;09.04.1994;13.04.1994;5;5;2.33;22.85;15.69;WYKL
728/88;SZP;Cyanistes;9;03.05.1994;03.05.1994;1;1;2.46;18.02;13;WYKL
728/88;SZP;Cyanistes;9;03.05.1994;04.05.1994;2;2;2.36;17.72;13.18;WYKL
728/88;SZP;Cyanistes;9;03.05.1994;05.05.1994;3;3;2.24;19.2;13.88;WYKL
728/88;SZP;Cyanistes;9;03.05.1994;06.05.1994;4;4;2.07;19.56;13.71;WYKL
728/88;SZP;Cyanistes;9;03.05.1994;07.05.1994;5;5;2.14;19;13.13;WYKL
728/88;SZP;Cyanistes;9;03.05.1994;08.05.1994;6;6;1.67;18.22;13.6;WYKL
728/88;SZP;Cyanistes;9;03.05.1994;09.05.1994;7;7;2.25;17.42;13.62;WYKL
728/88;SZP;Cyanistes;9;03.05.1994;10.05.1994;8;8;2.2;19.68;13.89;WYKL
728/88;SZP;Cyanistes;9;03.05.1994;11.05.1994;9;9;2.4;19.27;13.36;WYKL
729/88;SZP;ParusMayor;5;04.05.1994;04.05.1994;1;1;2.83;20.59;14.64;WYKL
729/88;SZP;ParusMayor;5;04.05.1994;05.05.1994;2;2;2.17;21.07;14.87;WYKL
729/88;SZP;ParusMayor;5;04.05.1994;06.05.1994;3;3;2.03;19.5;15.53;WYKL
729/88;SZP;ParusMayor;5;04.05.1994;07.05.1994;4;4;1.97;19.99;15.34;WYKL
729/88;SZP;ParusMayor;5;04.05.1994;08.05.1994;5;5;1.88;18.45;15.83;WYKL
733/93;LOM;PM;5;23.04.1994;23.04.1994;1;1;1.79;17.9;14.08;WYKL
733/93;LOM;PM;5;23.04.1994;24.04.1994;2;2;2.37;20.11;14.38;WYKL
733/93;LOM;PM;5;23.04.1994;25.04.1994;3;3;2.32;18.23;13.32;WYKL
733/93;LOM;PM;5;23.04.1994;26.04.1994;4;4;2.39;20.33;14.45;WYKL
733/93;LOM;PM;5;23.04.1994;27.04.1994;5;5;2.36;19.62;13.84;WYKL
740/92;SZP;PM;3;30.04.1994;30.04.1994;1;1;2.19;18.68;14.28;niewykl
740/92;SZP;PM;3;30.04.1994;01.05.1994;2;2;2.54;20.06;13.65;WYKL
740/92;SZP;PM;3;30.04.1994;02.05.1994;3;3;1.8;19.76;14.4;WYKL
746/76;DZL;PM;5;25.04.1994;25.04.1994;1;1;2.42;20.08;14.59;WYKL
746/76;DZL;PM;5;25.04.1994;26.04.1994;2;2;2.44;18.42;14.57;WYKL
746/76;DZL;PM;5;25.04.1994;27.04.1994;3;3;2.25;20.98;14.34;WYKL
746/76;DZL;PM;5;25.04.1994;28.04.1994;4;4;2.2;18.97;13.81;niewykl
746/76;DZL;PM;5;25.04.1994;29.04.1994;5;5;2.03;19.58;14.75;WYKL
747/83;DZP;PD;5;27.04.1994;27.04.1994;1;1;2.4;21.99;15.44;WYKL
747/83;DZP;PD;5;27.04.1994;28.04.1994;2;2;2.33;21.77;15.19;niewykl
747/83;DZP;PD;5;27.04.1994;29.04.1994;3;3;2.11;23.99;14.85;WYKL
747/83;DZP;PD;5;27.04.1994;30.04.1994;4;4;2.58;24.6;14.83;WYKL
747/83;DZP;PD;5;27.04.1994;01.05.1994;5;5;2.35;20.04;16.08;WYKL
749/93;DAB;ParusMayor;8;02.05.1994;02.05.1994;1;01.02.2003;2;19.5;14.63;niewykl
749/93;DAB;ParusMayor;8;02.05.1994;03.05.1994;2;01.02.2003;2.43;19.66;16.07;WYKL
749/93;DAB;ParusMayor;8;02.05.1994;04.05.1994;3;01.02.2003;2.6;20.56;14.99;WYKL
749/93;DAB;ParusMayor;8;02.05.1994;05.05.1994;4;4;2.33;20.63;15.88;WYKL
749/93;DAB;ParusMayor;8;02.05.1994;06.05.1994;5;5;2.36;21.64;15.49;niewykl
749/93;DAB;ParusMayor;8;02.05.1994;07.05.1994;6;6;2.15;20.99;14.29;WYKL
749/93;DAB;ParusMayor;8;02.05.1994;08.05.1994;7;7;2.24;20.42;16.4;WYKL
749/93;DAB;ParusMayor;8;02.05.1994;09.05.1994;8;8;2.88;21.3;14.56;WYKL
751/88;DZP;Cyanistes;8;29.04.1994;29.04.1994;1;1;1.9;17.58;13.33;WYKL
751/88;DZP;Cyanistes;8;29.04.1994;30.04.1994;2;2;2.24;19.28;13.36;WYKL
751/88;DZP;Cyanistes;8;29.04.1994;01.05.1994;3;3;2.19;17.71;13.5;WYKL
751/88;DZP;Cyanistes;8;29.04.1994;02.05.1994;4;4;2.25;16.9;13.62;WYKL
751/88;DZP;Cyanistes;8;29.04.1994;03.05.1994;5;5;2.16;18.52;13.94;WYKL
751/88;DZP;Cyanistes;8;29.04.1994;04.05.1994;6;6;2.16;18.45;13.19;WYKL
751/88;DZP;Cyanistes;8;29.04.1994;05.05.1994;7;7;2.28;19.19;13.71;WYKL
751/88;DZP;Cyanistes;8;29.04.1994;06.05.1994;8;8;2.18;17.13;13.01;WYKL
757/93;SZP;Cyanistes;9;30.04.1994;30.04.1994;1;1;1.88;18.39;13.58;WYKL
757/93;SZP;Cyanistes;9;30.04.1994;01.05.1994;2;2;2.23;16.93;13.81;WYKL
757/93;SZP;Cyanistes;9;30.04.1994;02.05.1994;3;3;2.18;17.99;12.76;WYKL
757/93;SZP;Cyanistes;9;30.04.1994;03.05.1994;4;4;2.5;18.52;13.36;WYKL
757/93;SZP;Cyanistes;9;30.04.1994;04.05.1994;5;5;2.17;18.84;13.54;niewykl
757/93;SZP;Cyanistes;9;30.04.1994;05.05.1994;6;6;1.92;16.85;13.76;WYKL
757/93;SZP;Cyanistes;9;30.04.1994;06.05.1994;7;7;2.1;18.13;13.84;WYKL
757/93;SZP;Cyanistes;9;30.04.1994;07.05.1994;8;8;1.75;18.25;13.39;WYKL
757/93;SZP;Cyanistes;9;30.04.1994;08.05.1994;9;9;2.09;18.04;13.48;niewykl
761/93;SZP;PD;5;27.04.1994;27.04.1994;1;1;1.93;23.24;15.16;WYKL
761/93;SZP;PD;5;27.04.1994;28.04.1994;2;2;2.05;20.44;14.01;niewykl
761/93;SZP;PD;5;27.04.1994;29.04.1994;3;3;1.96;22.01;15.3;WYKL
761/93;SZP;PD;5;27.04.1994;30.04.1994;4;4;2.67;22.88;14.44;niewykl
761/93;SZP;PD;5;27.04.1994;01.05.1994;5;5;2.55;23.03;15.96;WYKL
762/82;LOM;PD;3;28.04.1994;28.04.1994;1;1;2.74;21.29;16.18;WYKL
762/82;LOM;PD;3;28.04.1994;29.04.1994;2;2;1.7;20.92;15.35;WYKL
762/82;LOM;PD;3;28.04.1994;30.04.1994;3;3;2.3;22.05;15.66;niewykl
767/93;DZP;ParusMayor;6;28.04.1994;28.04.1994;1;1;2.21;19.71;13.84;WYKL
767/93;DZP;ParusMayor;6;28.04.1994;29.04.1994;2;2;2.41;21.08;14.96;WYKL
767/93;DZP;ParusMayor;6;28.04.1994;30.04.1994;3;3;2.69;21.94;14.69;WYKL
767/93;DZP;ParusMayor;6;28.04.1994;01.05.1994;4;4;2.15;21.67;15.32;WYKL
767/93;DZP;ParusMayor;6;28.04.1994;02.05.1994;5;5;2.48;20.12;14.36;WYKL
767/93;DZP;ParusMayor;6;28.04.1994;03.05.1994;6;6;2.29;20.85;14.78;WYKL
773/93;DZL;Cyanistes;6;02.05.1994;02.05.1994;1;01.02.2003;1.85;18.21;14.16;niewykl
773/93;DZL;Cyanistes;6;02.05.1994;03.05.1994;2;01.02.2003;1.78;19.7;13.25;WYKL
773/93;DZL;Cyanistes;6;02.05.1994;04.05.1994;3;01.02.2003;2.45;17.53;12.86;WYKL
773/93;DZL;Cyanistes;6;02.05.1994;05.05.1994;4;4;2.48;19.25;13.03;WYKL
773/93;DZL;Cyanistes;6;02.05.1994;06.05.1994;5;5;2.3;18.89;13.11;WYKL
773/93;DZL;Cyanistes;6;02.05.1994;07.05.1994;6;6;2.12;18.43;13.39;WYKL
776/88;LOM;ParusMayor;7;06.05.1994;06.05.1994;1;1;2.43;18.96;14.42;WYKL
776/88;LOM;ParusMayor;7;06.05.1994;07.05.1994;2;2;1.79;21.48;15.36;WYKL
776/88;LOM;ParusMayor;7;06.05.1994;08.05.1994;3;3;2.24;19.65;15.75;WYKL
776/88;LOM;ParusMayor;7;06.05.1994;09.05.1994;4;4;2.31;19.04;15.07;niewykl
776/88;LOM;ParusMayor;7;06.05.1994;10.05.1994;5;5;2.31;20.1;14.94;WYKL
776/88;LOM;ParusMayor;7;06.05.1994;11.05.1994;6;6;1.84;21.37;15.51;WYKL
776/88;LOM;ParusMayor;7;06.05.1994;12.05.1994;7;7;2.52;19.56;15.69;WYKL
784/82;DZP;ParusMayor;7;29.04.1994;29.04.1994;1;1;2.65;19.26;15.44;WYKL
784/82;DZP;ParusMayor;7;29.04.1994;30.04.1994;2;2;2.1;21.36;15.42;WYKL
784/82;DZP;ParusMayor;7;29.04.1994;01.05.1994;3;3;2.56;20.86;15.4;WYKL
784/82;DZP;ParusMayor;7;29.04.1994;02.05.1994;4;4;1.77;19.69;14.76;WYKL
784/82;DZP;ParusMayor;7;29.04.1994;03.05.1994;5;5;2.3;21.76;14.78;WYKL
784/82;DZP;ParusMayor;7;29.04.1994;04.05.1994;6;6;2.36;19.29;15.47;WYKL
784/82;DZP;ParusMayor;7;29.04.1994;05.05.1994;7;7;2.25;18.79;14.78;WYKL
788/83;DZL;PD;5;29.04.1994;29.04.1994;1;1;2.36;24.55;16.29;WYKL
788/83;DZL;PD;5;29.04.1994;30.04.1994;2;2;2.09;23.49;15.58;WYKL
788/83;DZL;PD;5;29.04.1994;01.05.1994;3;3;2.29;21.78;15.8;WYKL
788/83;DZL;PD;5;29.04.1994;02.05.1994;4;4;2.6;21.72;14.98;WYKL
788/83;DZL;PD;5;29.04.1994;03.05.1994;5;5;2.38;24.82;14.38;WYKL
790/88;DAB;Cyanistes;8;27.04.1994;27.04.1994;1;1;2.22;18.47;13.57;WYKL
790/88;DAB;Cyanistes;8;27.04.1994;28.04.1994;2;2;1.95;17.16;12.94;WYKL
790/88;DAB;Cyanistes;8;27.04.1994;29.04.1994;3;3;2.01;17.76;13.77;WYKL
790/88;DAB;Cyanistes;8;27.04.1994;30.04.1994;4;4;2.16;16.38;13.44;WYKL
790/88;DAB;Cyanistes;8;27.04.1994;01.05.1994;5;5;2.25;17.68;13.09;WYKL
790/88;DAB;Cyanistes;8;27.04.1994;02.05.1994;6;6;2.15;18.22;13.75;WYKL
790/88;DAB;Cyanistes;8;27.04.1994;03.05.1994;7;7;2.19;18.1;13.14;WYKL
790/88;DAB;Cyanistes;8;27.04.1994;04.05.1994;8;8;1.91;16.88;13.23;WYKL
792/92;DAB;PD;5;26.04.1994;26.04.1994;1;1;2.61;21.57;15.42;WYKL
792/92;DAB;PD;5;26.04.1994;27.04.1994;2;2;2.46;25.11;15.31;WYKL
792/92;DAB;PD;5;26.04.1994;28.04.1994;3;3;2.84;22.13;16.09;WYKL
792/92;DAB;PD;5;26.04.1994;29.04.1994;4;4;1.84;24.47;14.82;WYKL
792/92;DAB;PD;5;26.04.1994;30.04.1994;5;5;2.14;22.19;15.19;WYKL
793/82;SZP;PD;4;21.04.1994;21.04.1994;1;1;2.27;22.45;15.29;WYKL
793/82;SZP;PD;4;21.04.1994;22.04.1994;2;2;2.24;21.04;15.1;WYKL
793/82;SZP;PD;4;21.04.1994;23.04.1994;3;3;1.98;22.39;15.15;niewykl
793/82;SZP;PD;4;21.04.1994;24.04.1994;4;4;2.49;20.25;14.13;WYKL
797/92;DZL;Cyanistes;8;29.04.1994;29.04.1994;1;1;2.16;18.09;14.03;WYKL
797/92;DZL;Cyanistes;8;29.04.1994;30.04.1994;2;2;2.22;17.22;13.72;WYKL
797/92;DZL;Cyanistes;8;29.04.1994;01.05.1994;3;3;1.86;17.83;13.33;WYKL
797/92;DZL;Cyanistes;8;29.04.1994;02.05.1994;4;4;1.89;17.83;13.37;WYKL
797/92;DZL;Cyanistes;8;29.04.1994;03.05.1994;5;5;1.99;16.86;13.14;WYKL
797/92;DZL;Cyanistes;8;29.04.1994;04.05.1994;6;6;2.19;18.54;13.62;niewykl
797/92;DZL;Cyanistes;8;29.04.1994;05.05.1994;7;7;2.19;18.88;13.48;WYKL
797/92;DZL;Cyanistes;8;29.04.1994;06.05.1994;8;8;2.16;18.09;13.83;WYKL
801/93;DZP;Cyanistes;9;01.05.1994;01.05.1994;1;01.lut;1.81;16.59;13.67;WYKL
801/93;DZP;Cyanistes;9;01.05.1994;02.05.1994;2;01.lut;2.08;15.83;13.68;WYKL
801/93;DZP;Cyanistes;9;01.05.1994;03.05.1994;3;3;2.15;18.25;13.41;niewykl
801/93;DZP;Cyanistes;9;01.05.1994;04.05.1994;4;4;1.9;18.79;13.29;WYKL
801/93;DZP;Cyanistes;9;01.05.1994;05.05.1994;5;5;2.44;18.72;13.91;niewykl
801/93;DZP;Cyanistes;9;01.05.1994;06.05.1994;6;6;1.98;17.09;13.4;WYKL
801/93;DZP;Cyanistes;9;01.05.1994;07.05.1994;7;7;2;18.04;13.14;WYKL
801/93;DZP;Cyanistes;9;01.05.1994;08.05.1994;8;8;2.23;19.21;13.58;WYKL
801/93;DZP;Cyanistes;9;01.05.1994;09.05.1994;9;9;2.41;17.11;13.76;WYKL
811/93;LOM;PM;5;24.04.1994;24.04.1994;1;1;1.84;20.31;14.85;WYKL
811/93;LOM;PM;5;24.04.1994;25.04.1994;2;2;2.24;19.75;14.47;WYKL
811/93;LOM;PM;5;24.04.1994;26.04.1994;3;3;2.15;18.55;14.39;WYKL
811/93;LOM;PM;5;24.04.1994;27.04.1994;4;4;2.06;20.44;14.1;WYKL
811/93;LOM;PM;5;24.04.1994;28.04.1994;5;5;2.05;19.17;14.38;WYKL
817/76;DZP;PM;6;30.04.1994;30.04.1994;1;1;1.95;19.65;13.83;WYKL
817/76;DZP;PM;6;30.04.1994;01.05.1994;2;2;2.35;18.26;13.85;WYKL
817/76;DZP;PM;6;30.04.1994;02.05.1994;3;3;1.89;18.53;14.88;WYKL
817/76;DZP;PM;6;30.04.1994;03.05.1994;4;4;2.17;17.76;14.33;WYKL
817/76;DZP;PM;6;30.04.1994;04.05.1994;5;5;2.17;18.82;14.79;WYKL
817/76;DZP;PM;6;30.04.1994;05.05.1994;6;6;2.49;20.06;13.86;WYKL
821/83;DZP;Muscicapa;5;11.05.1994;11.05.1994;1;1;2.81;21.51;15.77;WYKL
821/83;DZP;Muscicapa;5;11.05.1994;12.05.1994;2;2;2.92;21.96;15.2;WYKL
821/83;DZP;Muscicapa;5;11.05.1994;13.05.1994;3;3;2.67;22.14;15.32;WYKL
821/83;DZP;Muscicapa;5;11.05.1994;14.05.1994;4;4;2.24;21.66;16.54;WYKL
821/83;DZP;Muscicapa;5;11.05.1994;15.05.1994;5;5;2.52;22.24;15.21;WYKL
825/88;DAB;Cyanistes;6;05.05.1994;05.05.1994;1;1;2.46;17.2;13.52;WYKL
825/88;DAB;Cyanistes;6;05.05.1994;06.05.1994;2;2;2.1;18.21;13.43;WYKL
825/88;DAB;Cyanistes;6;05.05.1994;07.05.1994;3;3;2.13;19.08;13.33;WYKL
825/88;DAB;Cyanistes;6;05.05.1994;08.05.1994;4;4;2.26;17.13;13.17;WYKL
825/88;DAB;Cyanistes;6;05.05.1994;09.05.1994;5;5;2.26;17.13;13.34;WYKL
825/88;DAB;Cyanistes;6;05.05.1994;10.05.1994;6;6;2.18;17.95;13.44;WYKL
826/88;DZP;ParusMayor;6;06.05.1994;06.05.1994;1;1;2.66;19.78;15.67;WYKL
826/88;DZP;ParusMayor;6;06.05.1994;07.05.1994;2;2;2.26;20.39;15.26;WYKL
826/88;DZP;ParusMayor;6;06.05.1994;08.05.1994;3;3;1.99;19.52;14.88;WYKL
826/88;DZP;ParusMayor;6;06.05.1994;09.05.1994;4;4;1.76;21.42;15.17;WYKL
826/88;DZP;ParusMayor;6;06.05.1994;10.05.1994;5;5;2.48;19.66;14.67;WYKL
826/88;DZP;ParusMayor;6;06.05.1994;11.05.1994;6;6;1.99;21.62;15.07;WYKL
837/83;DZP;PM;6;23.04.1994;23.04.1994;1;1;2.08;20.24;14.25;WYKL
837/83;DZP;PM;6;23.04.1994;24.04.1994;2;2;2.18;18.76;13.59;WYKL
837/83;DZP;PM;6;23.04.1994;25.04.1994;3;3;2.19;19.52;14.26;WYKL
837/83;DZP;PM;6;23.04.1994;26.04.1994;4;4;2.42;19.47;14.49;WYKL
837/83;DZP;PM;6;23.04.1994;27.04.1994;5;5;2.32;19.43;14.25;WYKL
837/83;DZP;PM;6;23.04.1994;28.04.1994;6;6;2.45;20.06;13.95;WYKL
845/93;SZP;Muscicapa;5;15.05.1994;15.05.1994;1;1;2.42;20.8;14.8;WYKL
845/93;SZP;Muscicapa;5;15.05.1994;16.05.1994;2;2;2.46;23.23;14.24;WYKL
845/93;SZP;Muscicapa;5;15.05.1994;17.05.1994;3;3;2.74;21.44;15.56;WYKL
845/93;SZP;Muscicapa;5;15.05.1994;18.05.1994;4;4;2.34;22.62;15.03;WYKL
845/93;SZP;Muscicapa;5;15.05.1994;19.05.1994;5;5;2.58;21.9;16.27;WYKL
858/93;DZL;ParusMayor;6;29.04.1994;29.04.1994;1;1;1.99;19.96;14.85;WYKL
858/93;DZL;ParusMayor;6;29.04.1994;30.04.1994;2;2;1.86;21.96;16.39;WYKL
858/93;DZL;ParusMayor;6;29.04.1994;01.05.1994;3;3;2.75;19.68;15.49;WYKL
858/93;DZL;ParusMayor;6;29.04.1994;02.05.1994;4;4;2.44;19.91;15.39;WYKL
858/93;DZL;ParusMayor;6;29.04.1994;03.05.1994;5;5;2.6;18.22;14.78;WYKL
858/93;DZL;ParusMayor;6;29.04.1994;04.05.1994;6;6;2.57;19.94;15.66;WYKL
862/93;SZP;Cyanistes;8;29.04.1994;29.04.1994;1;1;1.82;18.28;13.38;WYKL
862/93;SZP;Cyanistes;8;29.04.1994;30.04.1994;2;2;2.05;16.4;13.14;niewykl
862/93;SZP;Cyanistes;8;29.04.1994;01.05.1994;3;3;2.25;18.29;13.64;WYKL
862/93;SZP;Cyanistes;8;29.04.1994;02.05.1994;4;4;2.31;17.69;12.96;WYKL
862/93;SZP;Cyanistes;8;29.04.1994;03.05.1994;5;5;2.21;17.48;13.35;WYKL
862/93;SZP;Cyanistes;8;29.04.1994;04.05.1994;6;6;2.51;18.12;13.9;WYKL
862/93;SZP;Cyanistes;8;29.04.1994;05.05.1994;7;7;2.41;18.01;13.2;WYKL
862/93;SZP;Cyanistes;8;29.04.1994;06.05.1994;8;8;2.28;16.95;13.46;WYKL
864/93;DZP;ParusMayor;7;06.05.1994;06.05.1994;1;1;2.24;19.53;15.64;WYKL
864/93;DZP;ParusMayor;7;06.05.1994;07.05.1994;2;2;1.88;18.94;14.91;WYKL
864/93;DZP;ParusMayor;7;06.05.1994;08.05.1994;3;3;2.43;19.98;14.89;WYKL
864/93;DZP;ParusMayor;7;06.05.1994;09.05.1994;4;4;2.82;19.72;14.92;WYKL
864/93;DZP;ParusMayor;7;06.05.1994;10.05.1994;5;5;2.21;20.34;15.48;WYKL
864/93;DZP;ParusMayor;7;06.05.1994;11.05.1994;6;6;2.21;20.4;15.27;WYKL
864/93;DZP;ParusMayor;7;06.05.1994;12.05.1994;7;7;2.15;20.98;15.35;niewykl
866/92;DZL;PM;5;24.04.1994;24.04.1994;1;1;1.79;20.77;14.41;WYKL
866/92;DZL;PM;5;24.04.1994;25.04.1994;2;2;2.08;19.74;14.47;WYKL
866/92;DZL;PM;5;24.04.1994;26.04.1994;3;3;1.94;19.74;13.3;WYKL
866/92;DZL;PM;5;24.04.1994;27.04.1994;4;4;2;19.53;14.02;WYKL
866/92;DZL;PM;5;24.04.1994;28.04.1994;5;5;1.99;19.26;13.83;niewykl
872/83;SZP;PD;5;22.04.1994;22.04.1994;1;1;2.5;22.21;15.6;WYKL
872/83;SZP;PD;5;22.04.1994;23.04.1994;2;2;2.33;22.63;15.33;WYKL
872/83;SZP;PD;5;22.04.1994;24.04.1994;3;3;2.45;24.11;15;WYKL
872/83;SZP;PD;5;22.04.1994;25.04.1994;4;4;2.03;21.76;14.69;WYKL
872/83;SZP;PD;5;22.04.1994;26.04.1994;5;5;2.47;22.61;15.32;WYKL
877/92;DZP;ParusMayor;7;28.04.1994;28.04.1994;1;1;2.26;21.35;15.68;WYKL
877/92;DZP;ParusMayor;7;28.04.1994;29.04.1994;2;2;1.8;20.79;15;WYKL
877/92;DZP;ParusMayor;7;28.04.1994;30.04.1994;3;3;2.57;22.09;15.1;WYKL
877/92;DZP;ParusMayor;7;28.04.1994;01.05.1994;4;4;2.54;19.95;14.7;WYKL
877/92;DZP;ParusMayor;7;28.04.1994;02.05.1994;5;5;2.32;20.1;15.52;WYKL
877/92;DZP;ParusMayor;7;28.04.1994;03.05.1994;6;6;2.08;18.96;15.79;WYKL
877/92;DZP;ParusMayor;7;28.04.1994;04.05.1994;7;7;2.14;21.16;15.58;WYKL
879/82;LOM;Cyanistes;7;02.05.1994;02.05.1994;1;01.02.2003;2.05;17.82;13.6;WYKL
879/82;LOM;Cyanistes;7;02.05.1994;03.05.1994;2;01.02.2003;2.13;18.32;13.04;WYKL
879/82;LOM;Cyanistes;7;02.05.1994;04.05.1994;3;01.02.2003;2.25;17.68;13.89;WYKL
879/82;LOM;Cyanistes;7;02.05.1994;05.05.1994;4;4;2.43;18.39;13.35;WYKL
879/82;LOM;Cyanistes;7;02.05.1994;06.05.1994;5;5;2.11;19.14;13.28;WYKL
879/82;LOM;Cyanistes;7;02.05.1994;07.05.1994;6;6;1.79;18.28;13.95;niewykl
879/82;LOM;Cyanistes;7;02.05.1994;08.05.1994;7;7;2.33;18.35;13.97;WYKL
881/88;LOM;ParusMayor;6;06.05.1994;06.05.1994;1;1;1.88;18.73;14.62;WYKL
881/88;LOM;ParusMayor;6;06.05.1994;07.05.1994;2;2;2.76;19.54;16.12;WYKL
881/88;LOM;ParusMayor;6;06.05.1994;08.05.1994;3;3;2.78;19.54;16.11;WYKL
881/88;LOM;ParusMayor;6;06.05.1994;09.05.1994;4;4;2.47;20.31;14.23;WYKL
881/88;LOM;ParusMayor;6;06.05.1994;10.05.1994;5;5;2.22;19.74;16.03;WYKL
881/88;LOM;ParusMayor;6;06.05.1994;11.05.1994;6;6;2.65;20.74;14.96;WYKL
888/83;LOM;Cyanistes;9;05.05.1994;05.05.1994;1;1;2.15;18.99;13.31;niewykl
888/83;LOM;Cyanistes;9;05.05.1994;06.05.1994;2;2;2.07;17.92;13.24;WYKL
888/83;LOM;Cyanistes;9;05.05.1994;07.05.1994;3;3;2.01;18.01;13.57;WYKL
888/83;LOM;Cyanistes;9;05.05.1994;08.05.1994;4;4;2.27;18.45;13.57;WYKL
888/83;LOM;Cyanistes;9;05.05.1994;09.05.1994;5;5;2.05;16.43;14.05;WYKL
888/83;LOM;Cyanistes;9;05.05.1994;10.05.1994;6;6;2.09;19.04;13.85;WYKL
888/83;LOM;Cyanistes;9;05.05.1994;11.05.1994;7;7;2.02;18.21;13.19;WYKL
888/83;LOM;Cyanistes;9;05.05.1994;12.05.1994;8;8;2.19;18.2;13.6;WYKL
888/83;LOM;Cyanistes;9;05.05.1994;13.05.1994;9;9;2.54;17.59;13.43;niewykl
890/92;DZL;PM;5;27.04.1994;27.04.1994;1;1;2.12;20.74;13.46;niewykl
890/92;DZL;PM;5;27.04.1994;28.04.1994;2;2;2.04;19.34;13.95;niewykl
890/92;DZL;PM;5;27.04.1994;29.04.1994;3;3;2.01;19.7;13.92;niewykl
890/92;DZL;PM;5;27.04.1994;30.04.1994;4;4;1.94;19.42;14.05;niewykl
890/92;DZL;PM;5;27.04.1994;01.05.1994;5;5;2.45;19.24;13.9;niewykl
895/92;DAB;Muscicapa;5;16.05.1994;16.05.1994;1;1;1.89;23.86;14.55;WYKL
895/92;DAB;Muscicapa;5;16.05.1994;17.05.1994;2;2;2.7;23.2;15.14;WYKL
895/92;DAB;Muscicapa;5;16.05.1994;18.05.1994;3;3;2.73;21.49;15.67;WYKL
895/92;DAB;Muscicapa;5;16.05.1994;19.05.1994;4;4;2.52;22.09;14.37;WYKL
895/92;DAB;Muscicapa;5;16.05.1994;20.05.1994;5;5;2.84;23.82;15.47;WYKL
910/88;DZP;ParusMayor;6;07.05.1994;07.05.1994;1;1;2.21;20.59;14.58;WYKL
910/88;DZP;ParusMayor;6;07.05.1994;08.05.1994;2;2;2.07;20.02;15.13;WYKL
910/88;DZP;ParusMayor;6;07.05.1994;09.05.1994;3;3;2.19;19.72;15.6;WYKL
910/88;DZP;ParusMayor;6;07.05.1994;10.05.1994;4;4;1.8;19.79;15.08;WYKL
910/88;DZP;ParusMayor;6;07.05.1994;11.05.1994;5;5;2.31;22.18;16.07;WYKL
910/88;DZP;ParusMayor;6;07.05.1994;12.05.1994;6;6;1.84;19.54;14.87;WYKL
913/92;DAB;PD;4;05.05.1994;05.05.1994;1;1;2.14;23.4;15.76;WYKL
913/92;DAB;PD;4;05.05.1994;06.05.1994;2;2;1.98;24.11;15.2;WYKL
913/92;DAB;PD;4;05.05.1994;07.05.1994;3;3;2.25;23.01;16.13;WYKL
913/92;DAB;PD;4;05.05.1994;08.05.1994;4;4;2.72;23.39;14.69;WYKL
915/83;LOM;PM;3;24.04.1994;24.04.1994;1;1;2.67;19.95;14.26;WYKL
915/83;LOM;PM;3;24.04.1994;25.04.1994;2;2;2.07;19.49;14.89;WYKL
915/83;LOM;PM;3;24.04.1994;26.04.1994;3;3;2.15;20.17;13.95;WYKL
918/93;DAB;PM;4;05.05.1994;05.05.1994;1;1;2.48;20.48;14.25;WYKL
918/93;DAB;PM;4;05.05.1994;06.05.1994;2;2;2.52;20.28;14.31;WYKL
918/93;DAB;PM;4;05.05.1994;07.05.1994;3;3;2.47;20.3;13.97;niewykl
918/93;DAB;PM;4;05.05.1994;08.05.1994;4;4;2.47;19.61;13.92;WYKL
921/82;DAB;PM;7;25.04.1994;25.04.1994;1;1;2.14;18.89;14.03;WYKL
921/82;DAB;PM;7;25.04.1994;26.04.1994;2;2;2.19;18.68;15.07;WYKL
921/82;DAB;PM;7;25.04.1994;27.04.1994;3;3;2.49;18.89;14.47;niewykl
921/82;DAB;PM;7;25.04.1994;28.04.1994;4;4;2.08;19.31;13.95;WYKL
921/82;DAB;PM;7;25.04.1994;29.04.1994;5;5;2.3;18.62;14.43;WYKL
921/82;DAB;PM;7;25.04.1994;30.04.1994;6;6;2.14;19.15;14.11;WYKL
921/82;DAB;PM;7;25.04.1994;01.05.1994;7;7;2.18;18.87;14.18;WYKL
935/83;DAB;Muscicapa;5;13.05.1994;13.05.1994;1;1;2.03;21.86;17.35;WYKL
935/83;DAB;Muscicapa;5;13.05.1994;14.05.1994;2;2;2.8;22.28;14.99;niewykl
935/83;DAB;Muscicapa;5;13.05.1994;15.05.1994;3;3;2.31;22.61;14.86;niewykl
935/83;DAB;Muscicapa;5;13.05.1994;16.05.1994;4;4;1.84;21.93;14.64;WYKL
935/83;DAB;Muscicapa;5;13.05.1994;17.05.1994;5;5;2.77;19.58;15.49;WYKL
937/83;SZP;PD;5;26.04.1994;26.04.1994;1;1;2.32;23.03;15.27;WYKL
937/83;SZP;PD;5;26.04.1994;27.04.1994;2;2;2.66;20.88;15.3;WYKL
937/83;SZP;PD;5;26.04.1994;28.04.1994;3;3;2.54;21.05;15.19;niewykl
937/83;SZP;PD;5;26.04.1994;29.04.1994;4;4;1.93;21.22;15.39;WYKL
937/83;SZP;PD;5;26.04.1994;30.04.1994;5;5;2.44;22.81;15.96;WYKL
952/88;DZP;ParusMayor;4;29.04.1994;29.04.1994;1;1;2.26;20.39;15.92;WYKL
952/88;DZP;ParusMayor;4;29.04.1994;30.04.1994;2;2;2.43;20.66;14.71;WYKL
952/88;DZP;ParusMayor;4;29.04.1994;01.05.1994;3;3;1.95;20.62;14.97;WYKL
952/88;DZP;ParusMayor;4;29.04.1994;02.05.1994;4;4;2.73;19.81;14.83;WYKL
959/92;LOM;PM;6;26.04.1994;26.04.1994;1;1;1.85;19.71;14.29;WYKL
959/92;LOM;PM;6;26.04.1994;27.04.1994;2;2;2.03;19.62;14.02;WYKL
959/92;LOM;PM;6;26.04.1994;28.04.1994;3;3;2.36;21.2;14.25;WYKL
959/92;LOM;PM;6;26.04.1994;29.04.1994;4;4;1.88;21.09;14.06;WYKL
959/92;LOM;PM;6;26.04.1994;30.04.1994;5;5;2.26;19.73;14.26;WYKL
959/92;LOM;PM;6;26.04.1994;01.05.1994;6;6;1.96;18.23;13.71;WYKL
964/92;LOM;Muscicapa;5;12.05.1994;12.05.1994;1;1;2.31;24.06;15.11;WYKL
964/92;LOM;Muscicapa;5;12.05.1994;13.05.1994;2;2;2.42;22.43;15.07;WYKL
964/92;LOM;Muscicapa;5;12.05.1994;14.05.1994;3;3;2.49;25.66;16.5;WYKL
964/92;LOM;Muscicapa;5;12.05.1994;15.05.1994;4;4;2.27;24.08;15.04;WYKL
964/92;LOM;Muscicapa;5;12.05.1994;16.05.1994;5;5;2.75;20.84;14.48;WYKL
965/88;SZP;PM;5;01.05.1994;01.05.1994;1;01.lut;2.2;18.38;14;WYKL
965/88;SZP;PM;5;01.05.1994;02.05.1994;2;01.lut;2.14;17.92;14.11;niewykl
965/88;SZP;PM;5;01.05.1994;03.05.1994;3;3;2.42;18.37;14.54;WYKL
965/88;SZP;PM;5;01.05.1994;04.05.1994;4;4;2.05;20.02;14.02;WYKL
965/88;SZP;PM;5;01.05.1994;05.05.1994;5;5;2.42;19.28;14.15;WYKL
970/83;DZP;PM;4;28.04.1994;28.04.1994;1;1;2.31;18.84;14.41;WYKL
970/83;DZP;PM;4;28.04.1994;29.04.1994;2;2;2.06;20.59;13.64;WYKL
970/83;DZP;PM;4;28.04.1994;30.04.1994;3;3;1.95;18.43;13.93;WYKL
970/83;DZP;PM;4;28.04.1994;01.05.1994;4;4;2.1;20.77;14.64;niewykl
983/82;DZL;ParusMayor;6;04.05.1994;04.05.1994;1;1;2.02;20.99;15.42;WYKL
983/82;DZL;ParusMayor;6;04.05.1994;05.05.1994;2;2;2.53;20.28;14.94;WYKL
983/82;DZL;ParusMayor;6;04.05.1994;06.05.1994;3;3;2.46;20.68;14.44;WYKL
983/82;DZL;ParusMayor;6;04.05.1994;07.05.1994;4;4;2.42;20.41;15.65;WYKL
983/82;DZL;ParusMayor;6;04.05.1994;08.05.1994;5;5;2.21;20.05;15.46;niewykl
983/82;DZL;ParusMayor;6;04.05.1994;09.05.1994;6;6;2.62;20.71;15.14;WYKL
984/82;DAB;Cyanistes;8;05.05.1994;05.05.1994;1;1;1.91;18.43;13.2;WYKL
984/82;DAB;Cyanistes;8;05.05.1994;06.05.1994;2;2;2.2;18.99;13.14;WYKL
984/82;DAB;Cyanistes;8;05.05.1994;07.05.1994;3;3;1.7;18.16;13.92;WYKL
984/82;DAB;Cyanistes;8;05.05.1994;08.05.1994;4;4;2.24;18.51;13.34;WYKL
984/82;DAB;Cyanistes;8;05.05.1994;09.05.1994;5;5;1.93;18.56;13.69;WYKL
984/82;DAB;Cyanistes;8;05.05.1994;10.05.1994;6;6;1.84;18.28;13.84;WYKL
984/82;DAB;Cyanistes;8;05.05.1994;11.05.1994;7;7;1.95;17.26;13.91;WYKL
984/82;DAB;Cyanistes;8;05.05.1994;12.05.1994;8;8;2.15;16.9;13.15;WYKL
985/93;SZP;PD;4;26.04.1994;26.04.1994;1;1;2.01;21.82;15.97;WYKL
985/93;SZP;PD;4;26.04.1994;27.04.1994;2;2;1.96;21.34;15.98;WYKL
985/93;SZP;PD;4;26.04.1994;28.04.1994;3;3;2.17;20.18;16.03;niewykl
985/93;SZP;PD;4;26.04.1994;29.04.1994;4;4;2.51;23.4;15.35;WYKL
986/93;LOM;PD;5;26.04.1994;26.04.1994;1;1;2.17;21.52;15.4;WYKL
986/93;LOM;PD;5;26.04.1994;27.04.1994;2;2;2.13;21.75;15.36;WYKL
986/93;LOM;PD;5;26.04.1994;28.04.1994;3;3;2.22;22.24;15.65;WYKL
986/93;LOM;PD;5;26.04.1994;29.04.1994;4;4;1.77;22.45;14.66;WYKL
986/93;LOM;PD;5;26.04.1994;30.04.1994;5;5;2.48;22.52;15.59;WYKL
990/82;SZP;PD;5;25.04.1994;25.04.1994;1;1;2.81;22.92;14.8;WYKL
990/82;SZP;PD;5;25.04.1994;26.04.1994;2;2;2.45;21.22;14.89;WYKL
990/82;SZP;PD;5;25.04.1994;27.04.1994;3;3;2.41;22.88;15.3;WYKL
990/82;SZP;PD;5;25.04.1994;28.04.1994;4;4;2.37;22.03;15.4;WYKL
990/82;SZP;PD;5;25.04.1994;29.04.1994;5;5;2.64;20.72;15.44;WYKL
991/76;LOM;Cyanistes;8;06.05.1994;06.05.1994;1;1;2.24;19.43;12.93;WYKL
991/76;LOM;Cyanistes;8;06.05.1994;07.05.1994;2;2;2.26;18.77;13.4;WYKL
991/76;LOM;Cyanistes;8;06.05.1994;08.05.1994;3;3;2.21;17.59;13.27;niewykl
991/76;LOM;Cyanistes;8;06.05.1994;09.05.1994;4;4;2.21;18.26;13.38;WYKL
991/76;LOM;Cyanistes;8;06.05.1994;10.05.1994;5;5;1.98;18.24;13.09;WYKL
991/76;LOM;Cyanistes;8;06.05.1994;11.05.1994;6;6;2.27;17.29;13.52;WYKL
991/76;LOM;Cyanistes;8;06.05.1994;12.05.1994;7;7;2.05;17.68;13.52;WYKL
991/76;LOM;Cyanistes;8;06.05.1994;13.05.1994;8;8;2.11;18.06;13.58;WYKL
1009/83;SZP;PM;4;27.04.1994;27.04.1994;1;1;2.39;18.61;14.18;WYKL
1009/83;SZP;PM;4;27.04.1994;28.04.1994;2;2;2.42;20.3;14.7;WYKL
1009/83;SZP;PM;4;27.04.1994;29.04.1994;3;3;1.62;18.32;13.76;WYKL
1009/83;SZP;PM;4;27.04.1994;30.04.1994;4;4;2.34;20.19;14.56;WYKL
1011/92;SZP;PM;5;01.05.1994;01.05.1994;1;01.lut;2.21;19.86;13.75;WYKL
1011/92;SZP;PM;5;01.05.1994;02.05.1994;2;01.lut;2.29;19.7;14.27;WYKL
1011/92;SZP;PM;5;01.05.1994;03.05.1994;3;3;2.27;19.17;13.54;WYKL
1011/92;SZP;PM;5;01.05.1994;04.05.1994;4;4;2.46;18.73;13.81;WYKL
1011/92;SZP;PM;5;01.05.1994;05.05.1994;5;5;1.89;18.83;14.59;WYKL
1012/83;DAB;PM;5;27.04.1994;27.04.1994;1;1;2.53;19.28;14.7;WYKL
1012/83;DAB;PM;5;27.04.1994;28.04.1994;2;2;2.25;18.46;14.03;WYKL
1012/83;DAB;PM;5;27.04.1994;29.04.1994;3;3;1.85;20.48;13.8;WYKL
1012/83;DAB;PM;5;27.04.1994;30.04.1994;4;4;1.73;19.69;15.15;WYKL
1012/83;DAB;PM;5;27.04.1994;01.05.1994;5;5;2.18;18.98;14.28;WYKL
1015/93;SZP;PM;6;02.05.1994;02.05.1994;1;01.02.2003;2.14;19.38;14.08;WYKL
1015/93;SZP;PM;6;02.05.1994;03.05.1994;2;01.02.2003;2.4;20.62;14.66;WYKL
1015/93;SZP;PM;6;02.05.1994;04.05.1994;3;01.02.2003;2.13;19.74;14.31;WYKL
1015/93;SZP;PM;6;02.05.1994;05.05.1994;4;4;2.45;20.89;14.1;WYKL
1015/93;SZP;PM;6;02.05.1994;06.05.1994;5;5;2.21;21.1;14.08;WYKL
1015/93;SZP;PM;6;02.05.1994;07.05.1994;6;6;2.07;19.7;13.93;WYKL
1017/83;DZP;ParusMayor;5;09.05.1994;09.05.1994;1;1;2.09;20.43;15.91;WYKL
1017/83;DZP;ParusMayor;5;09.05.1994;10.05.1994;2;2;2.56;20.02;15.93;WYKL
1017/83;DZP;ParusMayor;5;09.05.1994;11.05.1994;3;3;2.04;20.12;15.02;WYKL
1017/83;DZP;ParusMayor;5;09.05.1994;12.05.1994;4;4;2.84;20.04;15.64;niewykl
1017/83;DZP;ParusMayor;5;09.05.1994;13.05.1994;5;5;2.08;19.71;15.83;WYKL
1024/83;DAB;PM;5;26.04.1994;26.04.1994;1;1;2.07;17.4;14.38;WYKL
1024/83;DAB;PM;5;26.04.1994;27.04.1994;2;2;2.54;19.06;14.39;WYKL
1024/83;DAB;PM;5;26.04.1994;28.04.1994;3;3;2.3;20.25;14.79;WYKL
1024/83;DAB;PM;5;26.04.1994;29.04.1994;4;4;1.94;20.09;14.56;WYKL
1024/83;DAB;PM;5;26.04.1994;30.04.1994;5;5;2.25;19.23;14.09;WYKL
1027/88;SZP;PM;5;29.04.1994;29.04.1994;1;1;2.09;19.66;13.88;WYKL
1027/88;SZP;PM;5;29.04.1994;30.04.1994;2;2;2.2;20.33;14.27;niewykl
1027/88;SZP;PM;5;29.04.1994;01.05.1994;3;3;2.09;21.35;14.32;WYKL
1027/88;SZP;PM;5;29.04.1994;02.05.1994;4;4;2.41;18.15;14.25;WYKL
1027/88;SZP;PM;5;29.04.1994;03.05.1994;5;5;2.09;18.37;15.08;WYKL
1034/93;DAB;Ficedula;5;16.05.1994;16.05.1994;1;1;2.91;22.7;15.33;WYKL
1034/93;DAB;Ficedula;5;16.05.1994;17.05.1994;2;2;2.62;23.02;15.71;WYKL
1034/93;DAB;Ficedula;5;16.05.1994;18.05.1994;3;3;2.96;23.77;15.26;WYKL
1034/93;DAB;Ficedula;5;16.05.1994;19.05.1994;4;4;2.73;22.41;15.03;WYKL
1034/93;DAB;Ficedula;5;16.05.1994;20.05.1994;5;5;2.79;20.78;16.2;WYKL
1065/93;DAB;ParusMayor;8;28.04.1994;28.04.1994;1;1;2.44;19.95;15.22;WYKL
1065/93;DAB;ParusMayor;8;28.04.1994;29.04.1994;2;2;2.4;19.72;15.01;WYKL
1065/93;DAB;ParusMayor;8;28.04.1994;30.04.1994;3;3;2.3;20.72;14.15;WYKL
1065/93;DAB;ParusMayor;8;28.04.1994;01.05.1994;4;4;2.03;18.74;15.84;WYKL
1065/93;DAB;ParusMayor;8;28.04.1994;02.05.1994;5;5;2.18;18.78;14.89;WYKL
1065/93;DAB;ParusMayor;8;28.04.1994;03.05.1994;6;6;2.02;20.43;14.53;WYKL
1065/93;DAB;ParusMayor;8;28.04.1994;04.05.1994;7;7;2.22;20.76;14.99;WYKL
1065/93;DAB;ParusMayor;8;28.04.1994;05.05.1994;8;8;2.11;19.16;14.68;WYKL
1066/83;SZP;PM;4;25.04.1994;25.04.1994;1;1;2.34;18.67;14.35;WYKL
1066/83;SZP;PM;4;25.04.1994;26.04.1994;2;2;2.32;18.86;13.52;WYKL
1066/83;SZP;PM;4;25.04.1994;27.04.1994;3;3;2.42;20.19;14.95;WYKL
1066/83;SZP;PM;4;25.04.1994;28.04.1994;4;4;2.57;20.02;13.65;niewykl
1069/88;DZP;ParusMayor;7;03.05.1994;03.05.1994;1;1;2.19;19.93;15.58;WYKL
1069/88;DZP;ParusMayor;7;03.05.1994;04.05.1994;2;2;2.39;20.93;15.47;WYKL
1069/88;DZP;ParusMayor;7;03.05.1994;05.05.1994;3;3;2.21;21.44;15.49;WYKL
1069/88;DZP;ParusMayor;7;03.05.1994;06.05.1994;4;4;2.28;19.47;15.32;WYKL
1069/88;DZP;ParusMayor;7;03.05.1994;07.05.1994;5;5;2.51;20.93;15.22;WYKL
1069/88;DZP;ParusMayor;7;03.05.1994;08.05.1994;6;6;2.2;20.11;15.27;WYKL
1069/88;DZP;ParusMayor;7;03.05.1994;09.05.1994;7;7;1.81;21.39;15.53;WYKL
1073/82;DZL;PD;4;02.05.1994;02.05.1994;1;01.02.2003;2.39;21.1;15.49;WYKL
1073/82;DZL;PD;4;02.05.1994;03.05.1994;2;01.02.2003;2.09;21.75;15.07;WYKL
1073/82;DZL;PD;4;02.05.1994;04.05.1994;3;01.02.2003;2.32;21.87;14.32;niewykl
1073/82;DZL;PD;4;02.05.1994;05.05.1994;4;4;2.29;21.5;15.42;WYKL
1079/88;DZP;PM;5;24.04.1994;24.04.1994;1;1;2.18;17.91;14.82;niewykl
1079/88;DZP;PM;5;24.04.1994;25.04.1994;2;2;2.22;19.83;14.56;WYKL
1079/88;DZP;PM;5;24.04.1994;26.04.1994;3;3;2.02;19.11;14.5;WYKL
1079/88;DZP;PM;5;24.04.1994;27.04.1994;4;4;2.26;19.82;14.39;WYKL
1079/88;DZP;PM;5;24.04.1994;28.04.1994;5;5;2.07;19.4;14.15;WYKL
1085/92;LOM;Muscicapa;5;09.04.1994;09.04.1994;1;1;1.74;24.93;14.89;niewykl
1085/92;LOM;Muscicapa;5;09.04.1994;10.04.1994;2;2;2;22.86;16.08;WYKL
1085/92;LOM;Muscicapa;5;09.04.1994;11.04.1994;3;3;2.25;22;16.55;WYKL
1085/92;LOM;Muscicapa;5;09.04.1994;12.04.1994;4;4;2.21;22.36;15.93;WYKL
1085/92;LOM;Muscicapa;5;09.04.1994;13.04.1994;5;5;2.72;23.6;15.13;WYKL
1086/88;DAB;ParusMayor;7;03.05.1994;03.05.1994;1;1;1.95;20.19;15.04;WYKL
1086/88;DAB;ParusMayor;7;03.05.1994;04.05.1994;2;2;2.46;20.06;14.67;WYKL
1086/88;DAB;ParusMayor;7;03.05.1994;05.05.1994;3;3;2.06;20.33;14.92;WYKL
1086/88;DAB;ParusMayor;7;03.05.1994;06.05.1994;4;4;2.13;20.52;14.64;WYKL
1086/88;DAB;ParusMayor;7;03.05.1994;07.05.1994;5;5;2.57;20.14;15.15;WYKL
1086/88;DAB;ParusMayor;7;03.05.1994;08.05.1994;6;6;1.98;21.61;16.36;WYKL
1086/88;DAB;ParusMayor;7;03.05.1994;09.05.1994;7;7;2.21;19.66;15.54;WYKL
1087/92;DAB;ParusMayor;8;01.05.1994;01.05.1994;1;01.lut;2.59;19.8;15.14;WYKL
1087/92;DAB;ParusMayor;8;01.05.1994;02.05.1994;2;01.lut;1.75;20.64;15.44;WYKL
1087/92;DAB;ParusMayor;8;01.05.1994;03.05.1994;3;3;2.74;19.83;15.33;niewykl
1087/92;DAB;ParusMayor;8;01.05.1994;04.05.1994;4;4;2.82;20.43;14.4;WYKL
1087/92;DAB;ParusMayor;8;01.05.1994;05.05.1994;5;5;2.32;20.53;15.25;WYKL
1087/92;DAB;ParusMayor;8;01.05.1994;06.05.1994;6;6;2.26;19.97;15.44;WYKL
1087/92;DAB;ParusMayor;8;01.05.1994;07.05.1994;7;7;2.45;20.47;15.9;WYKL
1087/92;DAB;ParusMayor;8;01.05.1994;08.05.1994;8;8;2.69;19.19;15.07;WYKL
1093/83;SZP;Ficedula;5;16.05.1994;16.05.1994;1;1;2.77;22.98;15.34;WYKL
1093/83;SZP;Ficedula;5;16.05.1994;17.05.1994;2;2;2.65;23.34;15.46;WYKL
1093/83;SZP;Ficedula;5;16.05.1994;18.05.1994;3;3;2.41;21.03;16.48;WYKL
1093/83;SZP;Ficedula;5;16.05.1994;19.05.1994;4;4;2.24;23.15;15.48;WYKL
1093/83;SZP;Ficedula;5;16.05.1994;20.05.1994;5;5;2.95;23.43;15.22;WYKL
1100/88;DZL;PD;5;25.04.1994;25.04.1994;1;1;1.85;23.19;14.97;WYKL
1100/88;DZL;PD;5;25.04.1994;26.04.1994;2;2;2.88;21.99;15.5;WYKL
1100/88;DZL;PD;5;25.04.1994;27.04.1994;3;3;2.13;21.43;14.79;niewykl
1100/88;DZL;PD;5;25.04.1994;28.04.1994;4;4;2.65;22.19;15.06;WYKL
1100/88;DZL;PD;5;25.04.1994;29.04.1994;5;5;2.51;23.73;15.48;WYKL
1101/93;DZP;Cyanistes;9;05.05.1994;05.05.1994;1;1;2.28;18.58;13.49;niewykl
1101/93;DZP;Cyanistes;9;05.05.1994;06.05.1994;2;2;1.97;16.78;13.46;niewykl
1101/93;DZP;Cyanistes;9;05.05.1994;07.05.1994;3;3;2.44;19.15;13.4;niewykl
1101/93;DZP;Cyanistes;9;05.05.1994;08.05.1994;4;4;2.25;17.55;13.45;niewykl
1101/93;DZP;Cyanistes;9;05.05.1994;09.05.1994;5;5;1.83;18.79;13.52;niewykl
1101/93;DZP;Cyanistes;9;05.05.1994;10.05.1994;6;6;2.11;17.19;13.92;niewykl
1101/93;DZP;Cyanistes;9;05.05.1994;11.05.1994;7;7;1.9;17.63;13.62;niewykl
1101/93;DZP;Cyanistes;9;05.05.1994;12.05.1994;8;8;2.31;19.36;13.67;niewykl
1101/93;DZP;Cyanistes;9;05.05.1994;13.05.1994;9;9;2.22;15.71;13.71;niewykl
1102/83;DAB;ParusMayor;5;05.05.1994;05.05.1994;1;1;1.87;18.97;14.87;WYKL
1102/83;DAB;ParusMayor;5;05.05.1994;06.05.1994;2;2;2.48;20.5;14.28;WYKL
1102/83;DAB;ParusMayor;5;05.05.1994;07.05.1994;3;3;1.84;19.57;16.11;WYKL
1102/83;DAB;ParusMayor;5;05.05.1994;08.05.1994;4;4;2.62;20.92;15.09;WYKL
1102/83;DAB;ParusMayor;5;05.05.1994;09.05.1994;5;5;1.84;19.53;15.42;WYKL
1115/93;DZP;Cyanistes;9;03.05.1994;03.05.1994;1;1;2.06;18.32;13.21;WYKL
1115/93;DZP;Cyanistes;9;03.05.1994;04.05.1994;2;2;2.25;18.61;13.6;WYKL
1115/93;DZP;Cyanistes;9;03.05.1994;05.05.1994;3;3;2.03;20.03;13.35;WYKL
1115/93;DZP;Cyanistes;9;03.05.1994;06.05.1994;4;4;2.14;18.72;13.75;WYKL
1115/93;DZP;Cyanistes;9;03.05.1994;07.05.1994;5;5;2.11;16.59;14.01;WYKL
1115/93;DZP;Cyanistes;9;03.05.1994;08.05.1994;6;6;2.17;17.1;13.59;WYKL
1115/93;DZP;Cyanistes;9;03.05.1994;09.05.1994;7;7;2.41;17.51;13.77;WYKL
1115/93;DZP;Cyanistes;9;03.05.1994;10.05.1994;8;8;2.17;16.91;13.29;WYKL
1115/93;DZP;Cyanistes;9;03.05.1994;11.05.1994;9;9;2.07;18.46;13.4;WYKL
1133/93;DAB;Cyanistes;8;29.04.1994;29.04.1994;1;1;2;18.98;13.65;WYKL
1133/93;DAB;Cyanistes;8;29.04.1994;30.04.1994;2;2;2.32;19.35;13.84;niewykl
1133/93;DAB;Cyanistes;8;29.04.1994;01.05.1994;3;3;2.33;16.54;14.02;WYKL
1133/93;DAB;Cyanistes;8;29.04.1994;02.05.1994;4;4;2.48;18.7;13.78;WYKL
1133/93;DAB;Cyanistes;8;29.04.1994;03.05.1994;5;5;1.96;16.89;13.59;WYKL
1133/93;DAB;Cyanistes;8;29.04.1994;04.05.1994;6;6;1.68;17.43;13.28;WYKL
1133/93;DAB;Cyanistes;8;29.04.1994;05.05.1994;7;7;2.01;18.81;13.4;WYKL
1133/93;DAB;Cyanistes;8;29.04.1994;06.05.1994;8;8;2.27;17.62;13.84;WYKL
1136/92;DZP;PD;5;23.04.1994;23.04.1994;1;1;2.51;22.85;14.6;WYKL
1136/92;DZP;PD;5;23.04.1994;24.04.1994;2;2;2.43;24.94;15.52;niewykl
1136/92;DZP;PD;5;23.04.1994;25.04.1994;3;3;2.86;22.8;15.18;WYKL
1136/92;DZP;PD;5;23.04.1994;26.04.1994;4;4;1.68;21.76;15.5;WYKL
1136/92;DZP;PD;5;23.04.1994;27.04.1994;5;5;2.02;21.87;15.75;WYKL
1141/93;DZL;Cyanistes;8;26.04.1994;26.04.1994;1;1;2.37;19.01;13.62;WYKL
1141/93;DZL;Cyanistes;8;26.04.1994;27.04.1994;2;2;2.04;18.51;13.36;niewykl
1141/93;DZL;Cyanistes;8;26.04.1994;28.04.1994;3;3;2.23;18.46;13.8;WYKL
1141/93;DZL;Cyanistes;8;26.04.1994;29.04.1994;4;4;2.23;18.54;13.91;WYKL
1141/93;DZL;Cyanistes;8;26.04.1994;30.04.1994;5;5;2.28;17.67;13.63;WYKL
1141/93;DZL;Cyanistes;8;26.04.1994;01.05.1994;6;6;2.59;18.71;13.87;WYKL
1141/93;DZL;Cyanistes;8;26.04.1994;02.05.1994;7;7;2.31;18.05;13.39;WYKL
1141/93;DZL;Cyanistes;8;26.04.1994;03.05.1994;8;8;2.37;19.14;13.32;WYKL
1156/93;SZP;Cyanistes;8;27.04.1994;27.04.1994;1;1;2.29;18.19;12.97;WYKL
1156/93;SZP;Cyanistes;8;27.04.1994;28.04.1994;2;2;2.3;18.22;13.23;WYKL
1156/93;SZP;Cyanistes;8;27.04.1994;29.04.1994;3;3;1.99;18.38;13.52;WYKL
1156/93;SZP;Cyanistes;8;27.04.1994;30.04.1994;4;4;2.09;18.03;13.81;WYKL
1156/93;SZP;Cyanistes;8;27.04.1994;01.05.1994;5;5;2.49;19.06;13.38;WYKL
1156/93;SZP;Cyanistes;8;27.04.1994;02.05.1994;6;6;2.47;18.06;13.27;WYKL
1156/93;SZP;Cyanistes;8;27.04.1994;03.05.1994;7;7;2;17.57;13.96;WYKL
1156/93;SZP;Cyanistes;8;27.04.1994;04.05.1994;8;8;2.03;18.12;13.24;WYKL
1163/92;LOM;ParusMayor;5;06.05.1994;06.05.1994;1;1;2.65;20.75;15.42;WYKL
1163/92;LOM;ParusMayor;5;06.05.1994;07.05.1994;2;2;2.12;21.2;14.55;WYKL
1163/92;LOM;ParusMayor;5;06.05.1994;08.05.1994;3;3;2.21;20.34;16.15;WYKL
1163/92;LOM;ParusMayor;5;06.05.1994;09.05.1994;4;4;2.23;20.01;15.52;WYKL
1163/92;LOM;ParusMayor;5;06.05.1994;10.05.1994;5;5;2.59;20.17;14.93;WYKL
1175/82;LOM;Cyanistes;6;06.05.1994;06.05.1994;1;1;1.8;19.03;13.57;niewykl
1175/82;LOM;Cyanistes;6;06.05.1994;07.05.1994;2;2;2.4;17.43;13.43;WYKL
1175/82;LOM;Cyanistes;6;06.05.1994;08.05.1994;3;3;2.06;18.27;13.08;WYKL
1175/82;LOM;Cyanistes;6;06.05.1994;09.05.1994;4;4;2.36;16.8;13.25;WYKL
1175/82;LOM;Cyanistes;6;06.05.1994;10.05.1994;5;5;2.12;18.44;13.3;WYKL
